MLRSMLP_TXT1
129,64,64,7
0.00000000000000000
0.81604766665550810
0.97716544760874779
0.08191742507713128
-0.11711793026361679
0.37174392283579794
-0.81019666919191879
0.89240485897559729
-0.18802549782174774
0.52473461854898729
0.40280660047306766
1.18516399199364852
-0.02392518214418432
0.04755363527247076
0.18513164852279684
-0.35766459788172711
0.33305331875527755
0.64937145634539695
0.00287532125045681
1.00735741911669474
-0.76265341360219563
-0.87078492483232661
-0.96509028181164325
-0.82944183508740688
-0.46161400088627602
-0.71373405411272961
0.47800611270592303
-0.61926424868892815
-0.77077160426393321
-0.91571712646992687
0.29218124606438972
0.96876155206847125
-0.16701499596406971
0.12176587123294684
-0.37345120270989068
0.38625624403225428
0.32462527126496205
-1.06842383441487487
-0.10253731563036107
0.79521069707415948
0.09157970313499654
0.78004234637393166
-0.09405136428754800
0.38327146017769465
0.46229209101135454
-0.06841904869461098
-0.63429931924399507
-0.42883725330568900
-0.87734413097279684
-0.84592982387525240
0.65162449499161268
0.71251967424253460
-0.90674579142598533
-0.81483649928913482
-0.50044746343213631
1.17968703736318270
-0.99301328218249840
0.04026880586499475
-0.66117162760861448
-0.81736303564417812
0.85586378436885291
0.67706892180905232
-0.40102581768230533
0.45346542001558160
0.04388717348839566
0.00000000000000000
-0.23100029633272087
0.50721605110968848
0.79088933069847234
1.37416264896879747
0.51119939934969538
0.02910481996485241
1.01043928532890415
0.42635713024398830
-1.16836984883115935
1.43178026273569281
0.87008577542556353
-0.06101906591363843
-1.10967765204756774
-0.62371215194811247
-0.32643693392453027
0.30034866343870353
0.33609903168953026
2.14195421251073537
-0.16726783798192882
0.67213857708176517
-0.86925114032620854
1.87484425001155075
-0.95030394495482462
0.89297464622909073
1.53380778670510076
0.04386755153131526
-0.28853143779370355
-2.43339888227334944
0.30723458415796578
-1.26096726945775250
-0.99320985420201613
0.51481845771469559
-0.49877934445750727
-0.86068398256909540
0.08834692246050081
0.24095670433909419
0.47251905002164540
-0.51079235971364378
-0.53235023858932040
-0.74699477898092759
-0.01253521814766855
0.89698574924191810
0.27599288345827516
0.11313138802605593
-0.59463902417630998
0.60951803725726972
1.44881072740156047
-0.28270358888276037
-1.27054454506739178
-0.59921592270358759
0.08985220663271030
1.35295099825251519
0.05847453744593348
0.01979930501177498
1.80077224147411341
0.53419750045028802
-0.05142167471188929
-0.83243115065406825
-1.03055989972160833
-0.54194918013596849
0.24221265878086856
0.24492924514279377
1.51970624110529307
-0.11164353020068708
0.00000000000000000
0.53995674386391468
-0.57475102670873157
-0.05339221503058771
0.27586423670193139
0.86465309647398725
-0.53768532126996726
0.21346016337542792
-0.53961739641519180
0.92647455690435854
-0.57965678644561203
0.25463306590740065
-0.64474426263026197
-0.44645778906862016
-0.55165374833960557
0.04854368386433266
-0.10785827479962218
0.00294957819945743
-1.05751813265490124
-0.53031341351249883
0.03580971012475624
-0.60846554614840564
-1.34496135363472069
-0.17447932760358220
-1.18257582046041665
-1.25437200285684325
-1.31824947449060859
0.46366949987981876
0.39209365956160708
0.70525223028640205
1.33971909393267419
0.03958793432986292
-0.73867719175991986
-0.47507371243257984
0.70544607042186747
-0.94226681447329763
0.80866334934807582
0.59005064634388238
-0.29028653064479931
0.90859644238484094
0.76537004236311579
0.44160865110716224
-1.23962508564889906
0.04982096820082609
-0.44271483335477835
-0.39515717993921212
0.35750517161225637
-0.34674932978298501
0.38683932011188338
-0.10130004542217545
-0.51183236591682735
0.80067961675446531
-0.65638348032403160
0.83832531843568880
0.51310080036872219
-1.04003303719359752
-0.37412301875621978
-0.89803266289549133
0.84179465320058144
0.75342742119252837
0.31728423227740793
-0.54764107688036767
-0.24866402964315834
0.08921536246426179
-0.38159970399992993
0.00000000000000000
-0.20806287309457636
-0.08708844494685695
-0.66897913578533996
0.57705889470479166
0.87119368716687129
1.02526361729419824
0.66011993818950010
-0.70693198812484725
1.01461531257020354
-0.61978177917418698
-0.91663028822292092
0.43292766101327446
0.50395033953274804
0.77096592669043551
-0.62926713549885516
0.85281774991058112
0.05991834728810122
-1.56393917137341898
-0.51437682854034927
-0.75163641888591393
0.87979511966175405
-0.31035058656492454
-0.44299890625583016
-0.47911365114570159
0.02756648492107713
0.97133706062272795
-0.34322763436552717
1.69282534843535326
-0.47469573795757825
0.92694656607870773
-0.14404924708969899
-0.46381181500673357
0.18128693083767977
0.94832344887190989
-0.49272071611369928
0.80028234431469081
0.92943685458074721
-0.06336254191749732
-0.01295344065335302
-0.63332089562758975
0.84529658342402303
0.75814222689220889
0.60753303595279662
0.10004152730642719
-0.96905136250501700
0.58103501475676900
0.38193597410855146
1.33428570923999512
0.45183068086961614
0.64264441085497104
-0.64737463456526589
-1.00909461835289238
0.95656713827671869
-0.07730531995419444
-0.53085752231264760
-1.03547422933795219
-0.93547066403343482
0.54438869627514341
-0.23063769005842144
0.92492664161936067
0.95593225480611910
1.02476397910338068
-0.85692861007961108
0.27156469112293324
0.00000000000000000
-1.00216383730649783
1.43636968030438350
-0.19987354235492935
0.16248257598548996
0.93866548308336861
3.06349830550264457
0.36885271686854282
-1.32430956009730005
2.96216209192192315
-2.08995733090919167
0.00984544122506623
-0.89699564393220999
-0.10068139245122069
0.43201118988940690
-0.66081849829788986
2.40646534087151176
-0.48575694958398330
-1.48840573345890781
0.32642822321755943
-0.30086704499195366
-1.10790519198579007
0.05847478520900328
-1.60202490588631608
-1.32801606213682244
0.29515846126404166
0.35431472509084039
0.35941351625725126
-0.64189738810133024
0.54714465280106295
1.13170488115316537
1.53898689018713353
-1.19963357374693658
0.95810986736154669
-1.73764384579687414
-0.46881367121706147
-0.59607324617915247
-1.37197677996737100
0.84359449462434299
-0.02608076015789481
0.55797636293635322
-1.07662949603514746
-1.06782095676967148
0.44352991104927691
1.35955813251597846
0.46103973119784253
1.10182937448642959
-1.02097739715887159
1.35095138086029642
0.74784693957694071
0.61696495281765096
-0.66486910465643545
2.22700752943452551
-2.12714890519943989
-2.38627073577000193
-1.10526144037247809
-1.57239795340563049
-0.46568100715658312
0.63488059007195696
1.94690451955152644
-0.51781691180099476
-0.59183839678987304
0.45152701423374375
0.37126187557399570
0.99808744077989631
0.00000000000000000
1.02099809596625990
-0.66264395864835945
-1.00561973042685704
-0.09008915397563455
0.81263469332228122
-1.79460033917104500
1.03206629741667832
0.75922491366722478
-0.47354518212286945
0.67525705929402591
0.17348613618536526
-0.77294735138289195
-0.05084840214220455
0.00003595082333609
-0.61025450602930753
-1.94945092911249662
-0.28178420889027794
-0.21232201538526027
0.57779900312813059
1.70021183024997691
0.31602454590129447
0.43560577799826217
0.56059958135813703
0.53069315822632035
-0.52775351866224174
-0.00276021177720867
-0.86621517963263817
-0.12117641731674576
-0.55519219399935948
-0.70485220168335772
-0.75917999624415389
0.97126191771987658
-0.31655641130377321
1.02014416889338477
-0.23579183051184208
0.91812115910230196
0.52014804392028557
-0.50274663558822796
-0.38257496522321138
0.12914949361704173
-0.51707343377028825
1.14849786787120456
-1.06309377748844769
0.29013264593739885
-0.89317635095631087
0.13467757218356063
-0.71849513714773316
-0.90767698123559282
-0.19966372881467173
0.44268894439222206
-0.79653023196435435
-0.49870082063779986
1.24488571593018560
-0.02402264253043208
0.73036943146966937
-0.19261780345791693
-0.23170178065360633
-0.22103136648130264
-0.18192538318601048
0.92849163859413875
-0.52980852674523427
0.04789900273301991
-0.10548279528344401
-1.11281757164428674
0.00000000000000000
-0.20408427930275702
-0.42516101680097879
0.30243428729984101
0.58404276400159794
-0.42262713270475583
-1.67981593180748567
0.66965354199149840
0.05137987586301868
-1.92075447639202945
0.52288300487147554
-0.30989529832643703
0.13373278908475178
-0.64621326852205141
0.27147653257950166
0.49304732665486312
0.04821543052567590
-0.37897855253748569
-0.48216456181452466
-0.18089261054717226
1.55298020014266824
-1.27111557155366817
0.09928327353173631
0.85105425684423064
0.02819985213810223
-0.66168313101598109
-0.53561003779565219
0.39750334694998507
0.39303278862998503
0.96248773943600330
-1.26422943310800373
-1.10461887893719179
0.63646635922629013
0.25880072700015189
1.01787887006870825
-1.01750243800700968
-0.69820788386372534
-0.23333545382850310
0.48966990075209788
-0.25248078179022582
0.25986965544980978
0.04072580887781369
0.50429552728216953
1.11464522579622960
0.07106755233538252
-0.38238526605751427
-0.16459776011778413
0.37966244144368788
-1.96915317825380476
-0.82898270170911770
-0.06824246427921461
-0.38652201147847354
-1.99367725535709206
0.31294651091340214
1.84438852982944623
0.89870403249432251
0.73916519485912424
-0.05701176539015339
0.52253918425345980
-0.59816202758825976
-0.38120755069059414
-0.37402998604357718
-0.80223877136447841
-0.48338803768599731
-0.13600378053970996
0.00000000000000000
0.53385978976858373
-0.56801267628393637
-0.60125323739638292
1.68600325515407468
0.31126052086344758
-1.17366181980937934
0.82906785599850474
0.11850928512030418
-0.82992666105227841
1.84906767019630225
0.44669642891392491
-0.25030623026518439
1.02819762659237246
0.10229669806174843
0.51770186008495167
-0.15154632774417551
-3.92736812938562707
-0.25056861253045060
0.76561837444621139
0.50729682667455023
-0.62612131311906327
1.41301590375763753
0.22415162495397989
-0.03556230544866364
-0.83560105711401622
1.29514597726200109
0.71782457939155464
-1.14987413443949915
0.64229967881669325
-0.10923205131501014
1.21065952719094971
1.35409807112033076
0.66666466823720716
0.53522292509281133
0.39643978312791717
-0.74710881154905584
-0.18274522082540304
1.04680258010964300
-0.71424607772781135
-0.07716892665242593
2.08380578193255817
-4.48981084945659159
2.27877675521679768
-2.16507251027036762
-0.46129084961956801
-1.87531227925963706
0.80628403050213193
-1.21553618293437626
0.73113217107917927
0.17435565379147372
-0.11124279174077592
0.24671659002989763
0.09522654035129532
0.85140068013667225
-1.74944486455144665
1.52608043376353342
-0.93478038198383429
-1.15990115616233225
-0.93590764297233842
-1.05534681713165912
-1.58386849236909710
-1.16506685666615151
0.44017056382509961
-0.36690480415087989
0.00000000000000000
-0.41650995530404844
-0.97613173427001987
0.30617912662737184
-1.07294144073561570
-0.93500327928690041
0.51940794730663098
0.89461860522733472
-0.21225640699509873
0.00228347451921070
-0.47258532956981458
0.82775392729907227
0.93135967231921657
-0.67390609778988619
0.22887713161519899
-1.12857512018331541
-0.68830663926480051
2.15999251508779011
0.86300514376772752
0.36033421406883109
0.37521407551965780
-0.87294372929801123
-0.90794503927129988
-0.01686334928247176
-1.20046200798724811
0.18690272908099154
-0.57293713639566579
-0.44505109507951057
-0.23392020991165982
-1.15980446146516658
-0.72848883740020676
-0.34193773349526285
1.34135468908857325
0.71511034418222885
-0.81321339782675284
-2.09555818223562529
-0.35264496682772850
-0.02256362680759798
0.74447445697077963
-1.74933658880266973
-0.96378846606311397
-0.10671904717824560
2.43372397102291904
-1.39545571209025110
0.74738069873985802
-0.33205825697656821
1.93583507633419893
-0.21860378901030739
0.60930474192752737
-1.29892564108830300
0.11530866019024290
0.81688240684169289
0.58066750079393581
0.43706918825243235
-0.85292131486267053
0.40678138681019516
-0.53354514674613374
0.44380553368888137
0.42097501842268625
1.07367537356016052
0.70866301403462506
0.53046507409574062
0.49352111140716670
-0.73147947068873131
1.42445375513069195
0.00000000000000000
0.27876190353366864
0.31631827727131823
1.07624263617307503
-0.38769912253675709
0.65870578660961465
0.39785121307051019
0.32066502372543881
-0.42238981546494597
0.55917543513715107
-2.45670784241996687
0.30955086836628259
0.82670134084874602
-0.65474057820395559
0.37193033265920306
1.54073783904466977
-0.16889643297384249
2.15619128253364734
0.61031437434075875
-0.48504420344375732
-1.44479042587151407
0.29901839850652179
-0.51056234825103486
0.44074763447835325
0.11582761395398405
-0.07069624788781440
-0.62910140044289875
-0.31145178957004388
1.07178867726011395
0.42138077821839898
0.65952492264324980
-1.26791121749533819
-0.23797849252341907
-1.80671695119192122
-0.09262343895207339
0.33474776828846403
-1.43300441360246333
-1.18465462696219936
-0.27742671491882581
1.30156695960010804
-0.42059405393830746
-0.32684240764232086
3.02251877251520318
-1.49208307515891025
-0.71711751590087058
-0.10531480798690154
-0.56150529074022326
0.97786110255006198
-0.01638706960241521
-0.06979900865019176
1.44250776231442179
-0.58229740106477890
0.05545950671058970
1.21992844702888070
-2.06797862880646610
0.14032097693938173
0.19578035833999627
0.20077808318453749
-0.03480760168113269
-0.02798726099907901
-0.01728974597572232
0.94490123351061661
-0.34816710883591928
0.31037083875455185
0.04120538230153885
0.00000000000000000
-0.53121231133862834
-0.33484265535212399
3.61964531497357145
0.95537904086635739
-1.59191464070570565
-2.42924373593415854
0.95896198100674557
0.90662602701734751
2.19428209069068059
0.06175458024129502
-0.60979732527084307
-0.61992361669788221
-1.48319102472040698
-0.46860940170638044
-0.99752723062773785
-0.71427735189079766
-2.00954304883587875
-0.71921261466162156
0.95153764174230859
2.99624851810290949
1.32967774501153113
-2.22510364541543426
0.53463930592547293
0.77162582475872643
-1.88660782227228374
-0.25458307309167866
0.52480700879565767
-1.05133600528523363
-0.79258869773397367
-1.51571457912979390
1.68193827968988496
1.32885914552240858
-0.35832387221612499
-0.50111573045691549
0.18483886472042105
-0.32235395130341260
0.29647981202814327
0.01866884871788100
-0.94611182056168641
0.14326256096070675
0.35290278431266348
0.63760523964810478
-1.89525215616937515
1.94685844465898050
0.38879017778171593
1.83857926552236317
0.23146990971593032
1.96470431100061327
-1.83198908663245708
0.50384068716476393
0.78643130786724968
1.52035369969795586
1.20775858893311949
-2.26463338818105742
1.11968732872148324
-0.20368024194436263
-0.16297664952058200
-0.11078237750732330
-0.81429421372329824
0.89924153096874604
-1.79944135434351282
0.00443034262273175
0.17867397998735454
0.46481143154864957
0.00000000000000000
-0.53313658259451924
-0.02316665053149932
-1.19633539776984099
-1.75658754548433294
0.72463225206302151
0.33331836647995761
-0.63362094267848079
-0.28008319622017591
-1.20748457963150724
0.22409899162651281
-0.00146734767993960
0.28891786485585652
-0.16230574500256434
-0.88387569159068546
-1.13163475067309460
0.61114840715554974
0.77173850307970904
0.10997341459357246
0.09104965713797827
0.00265749795060499
-0.54652000731816219
1.71871258403856930
0.22536825012266212
-0.86027970280506405
1.98936595308414632
1.12023431041375776
-0.47912287806295406
1.20371721444348911
-0.61503009984435542
0.84536430777223959
-1.01273797049322223
-1.70346906715729318
0.87824364360747609
-0.54505674627563294
0.69271056802709041
-0.83920711743051191
-0.35864653947771258
-0.28722155252211162
-0.07513586511489959
0.01643587174120420
-0.30520572533685653
-1.75347083658165048
0.38301953941555178
0.44383860814509701
0.19234264145092531
-0.96531225697371892
-0.98040212083789779
-0.85721181102460753
1.41692838189444559
-0.56248576818173845
1.10929587800077822
-0.53538504766005657
-0.63480014620275715
0.34949614114606214
-2.05271071087533796
-0.93844910009427451
-1.04276345738442200
0.04583109727348656
0.56662774303160490
-1.17379758927123912
-0.32217151646682818
0.46750656693860559
-1.10323643604968979
0.58358259101491439
0.00000000000000000
0.57548046037143541
1.04226208729085768
-1.17506455749665784
-0.32431963344298270
-0.19158981837096031
2.04241398406428365
-0.78405551691616615
-1.04078998484575891
-1.07396310756437030
-0.70342826460504548
-0.67455426506998328
-1.24252243062794188
-0.46610689219120632
0.07329340305661360
-0.00491827847516236
-0.45106168774319033
1.63999814853246217
-0.06741511710996076
-0.76051183880933793
-2.04386400391018963
0.00136173449378932
1.09771746318768115
-0.01783065770018212
0.19285758277300580
0.39658614456147467
-0.56708817103040154
-0.55591374466747001
0.18379897930393319
1.48379961702635588
-0.35631049244597968
-1.28352251034758313
-0.59645357295183143
0.32313240663991533
-1.10957965652030444
-0.34187303531527530
-0.09360926742397270
0.05394268279687559
0.05018637531069586
-0.12284253462845837
-0.07982401642656232
-1.27545723876035266
1.26413238993801835
0.19852670197611927
-0.03658630466592665
-0.50568637737400046
-1.90996607731860291
0.50108862050093672
-0.99681827248619037
0.12458709398624128
0.16136372366685628
0.77953008456142747
0.09471024606112619
0.11539874687322156
1.49474295599059537
0.86422376866845274
-0.43600032460025812
0.68209829692243784
0.06700170263741767
0.04168155039147597
-0.42535824875866507
1.33775110158644162
1.47605881770651792
-1.11450450033290149
0.74737292695007052
0.00000000000000000
0.93124677049297977
-0.38754059680011060
-0.29610559086698118
1.89494523869936082
-0.15978384706414300
0.57786501281483071
0.51033462981240751
-0.71207501485325220
-3.14120758694622904
-1.69499310905106304
-0.62651930439741821
-0.52469404466885261
-1.76164987277982821
1.19029294859287682
-0.06891445706881862
0.56442902138688500
-3.49713814393362465
-1.38307130230378017
0.49716116056504650
-0.58850525665927456
-0.58558770273387128
-1.35537038139917176
-0.16795486932500076
-0.22152403849916266
1.53429023123581509
0.19626869110577358
-0.78427356736338016
-0.75590950790180356
0.05948550740021314
0.62927722844966072
0.37921506674338984
0.68282882968196534
-1.31949707665159521
-0.97059396104196771
0.61675526463174712
-0.51234499143422607
2.04007236080954746
-0.01778259626812985
-0.08886048479407808
-0.84535231192825377
1.38941744434567438
1.75730385459487870
1.02510509580377640
-0.54453184657740672
0.12711666181172690
1.21527654149874142
1.56570812569898821
4.40704705701964716
2.28627455041988492
-0.95201845308724797
0.09018361412039172
-1.92329694290474018
0.01789417243615205
-1.48231843312653111
-0.16030580262528552
-0.51481999964323744
-0.23564426970641844
-0.36531049858382780
1.42956451514477378
1.11701206030317990
0.97920110171290831
-1.65932679869670308
-1.15573368030396439
-0.93189011187978099
0.00000000000000000
0.60855030420359635
0.30341233582572935
0.08560604439556273
-1.05976862851327391
0.18049927196419435
0.35935320095601953
0.16110512027040011
0.26279713352153766
0.72900865767770162
0.09976366303102184
0.33645088864998507
-0.67780388215749621
1.40169459944153996
-0.89309888312407548
0.07994223287228636
-0.50204513840971743
1.08023957880112320
0.01319032884966185
-0.65263773376117840
0.81073156305444949
0.92035607486590509
0.15271413527376221
-1.08451952897661652
1.18301285921156341
-0.81870862947517420
0.84298344839251671
0.24714735645133346
0.28742369259976969
-1.01480093624424983
-0.04321355576583891
1.03724882634374183
-0.33182162969374879
0.00584128998144656
-0.55040292858949347
0.36691007954620941
-0.81498344611647278
-0.91807155501985571
-0.66045230985288550
-1.35852110448411922
-1.24496288379579267
-0.32930022077909565
-0.85837617581996983
-1.74372176398086776
-0.41147850711470230
0.11710881328280237
-1.34105900561598190
-0.70109045932939351
-0.94066917436500808
-1.08952943822008042
-0.34944017955127088
0.53783129813107011
1.56319396623725115
0.92593662597193616
0.69545635769131930
0.78384903642121218
0.65589482079156025
-0.84213966370086835
0.09240250099482945
-0.33165991024164476
0.56916183346310922
0.22361337696274028
0.77713092600894451
1.15755608123214393
-1.01262406928629223
0.00000000000000000
-0.05280838029719424
-1.45898627776963496
0.13496086518972519
-1.14651489996300859
0.44940707402049718
-0.28673278230782206
0.55121377805163441
0.70394880345274058
0.92686692997974152
0.59511151382091343
-0.93489324494654358
-0.07470108191218955
-1.19493823327252269
-1.54991760311611815
0.79779878256225434
-0.01469080470834094
1.27435512232102433
-0.32808571316156221
0.09603774554817220
-0.62206328234443542
-0.55770854602434672
0.99665591133392351
-0.68796232374989241
-0.70122318033177622
-0.90578747387183434
0.08649993937092243
1.51557574903995462
0.04969902931181139
-0.47265989255743052
-0.07572022550361994
0.35339800021296919
-0.41809280085939321
0.82453609015962626
0.37531206177676668
-2.08539720304485243
0.88344219396057511
-1.61611694046601739
0.47839849862595801
0.95439372256224164
-0.87038436920035644
-1.54146798585111844
-1.09302802034262481
-0.16280834126380142
0.11312888986521825
1.83864952842235785
-1.07347364582751337
-0.42380520671466038
-1.56127877567969708
-1.40119807759783521
-0.21236401328203239
0.09700376457319689
0.64206135252698082
-0.11192254366263348
1.14461591720835343
1.21094943764733975
0.99968290064449772
0.09098766831632664
0.28485334961201103
-0.47086926790275335
-0.07268512377400051
0.34410566756126088
0.82390623842255828
0.50551102274785875
0.51452651252663162
0.00000000000000000
0.05221460717280517
1.44314835627350124
-2.67113602288565843
-1.21829730939131986
-0.56531469430436543
0.09756201000540154
-1.40783576154020218
0.29140920700638306
-0.79434639012120145
0.53316721899912856
-0.15236715254149358
0.14747093238421435
-0.47098135681721515
-1.22336195885496402
-0.20825848445912612
-0.03853972636977177
0.05925984785240229
-2.16518032979771569
-0.12697096130237115
1.06689743485716382
-0.17185209833072315
-0.52044551329143285
-0.03317473247075046
1.01293051147324875
-0.47875873737445068
-2.14256908866566276
0.08535743678491479
0.42507508299003050
-1.09257284715248004
-0.39019048518733268
-0.25812578155929417
-0.51058187838953217
-2.41467551815238313
-0.25460981582647546
0.04573236510269779
-0.17037519524683992
0.55662275834672592
0.16008447325722694
-0.64793364513509510
-1.11051082201417306
-1.93830874200901460
0.70104070554884323
0.56087928076523075
2.36321517272924497
-0.30036520797752075
0.70343915152405079
-1.12959739215699018
-1.55042897529443113
0.88865486450076259
0.40751324494777441
0.36232521641489546
0.45065620448928506
0.21206490099890321
0.61538223189630392
-0.13289254673953599
-2.09341666039570606
-0.76533048353532673
-2.77506783098054077
2.33156202785914024
0.30892467052324935
-1.05942864510983581
1.89530211704620122
-2.49514279839897224
-1.57151952916164017
0.00000000000000000
0.04135643573465981
-0.66235907680918205
1.10188270079051986
-0.31819677882541503
0.92494158856817532
0.44014257636044862
0.95891791680245997
-0.36427419014635132
0.58486180546536781
-0.63607793521050282
0.20226216068785699
-0.54790060038886390
-0.88925565318051569
0.69265654712189684
0.69544096742543360
0.46191065958917449
0.39446935853987547
1.11293177055912840
0.47763750944219985
-0.91754841644746299
0.14934290368783970
0.81528178565357434
1.23149772801072999
-1.41224490436682149
0.64581972539841370
1.13345143072360233
0.27134288369492693
1.44765627823261234
-0.47415190204229413
1.35937348413072479
0.44253680002271706
0.00024224140450964
1.42882721167702487
0.41298855409801088
0.33616995387687215
-1.06863106308337219
-0.18188271661413316
0.79328454659810821
0.26898385171345374
-0.01775000367760973
1.36492559179486417
-0.59205485863770257
-0.73433513181218080
-0.77015805748418309
0.73461560340616905
0.01899707175439872
0.48452545208572290
1.12229236592911663
-0.35452151465995912
-0.03811187947520013
-0.42071323019994716
0.12901712212386005
0.63792070693845671
-0.86318167319454520
0.25923933932757448
0.37731206167827308
-0.81576064425652284
0.72835767765484338
-1.08181398474079704
0.31520126347169569
0.69334932229666690
0.01143104844050736
2.05286976802528631
0.26902433714356172
0.00000000000000000
-0.11406968021057577
-1.24329711520732267
0.69159889544615050
-0.58570995279707638
0.49359078081603958
-0.33273506935719577
0.40770901678384203
0.22840486483251063
1.02040151280299041
-0.42293026831151243
0.40830067136883919
-0.56033636397718833
0.11300883571383370
-0.45313601189447206
-0.59466614986008481
-0.94725727367477464
-0.32573637364950869
1.20997926322078664
-0.44327808143918734
-1.50041423933751283
-0.56766427372383332
-0.04814131014173778
-0.06019499287745051
-0.40693034808133305
0.91962201607481486
0.98607731089994366
-0.49273344201401581
-0.66752947608927349
0.83234113105439678
0.89843756931164920
-0.14696738112232810
0.14754403656051771
1.25096549755577136
0.69626830652676064
-0.29477659560785407
0.43359411309496010
-0.52709153552992050
-0.38552076388868733
0.66637726027317734
1.40152869329020957
0.12184012205682397
0.50168111871401533
0.56646403617882179
-0.99966601473500116
-0.93876577277902118
-0.36391058959894784
-0.12080401921930373
1.83661978099042678
0.09305243264618436
0.44565447532515484
-0.35013040611429558
-0.58488562131073230
0.71393755999387221
-1.18579047007363458
1.36871835636007244
1.53946135562967479
0.19371429617501773
1.33847689390991498
-0.61489130504110623
-0.70184099993003124
0.29827311836624859
-1.47693589297444139
1.12340387285895349
0.37325674465501513
0.00000000000000000
0.26330647866498269
0.53407771453072128
-0.49255599237453718
-0.30533892410954555
-0.44608680774532700
0.63376217368128229
1.29685479669871939
-0.76673736331705755
-0.43439532779446105
1.67615060090647328
-0.51818830587274012
0.22049618234061125
0.67680014993008275
0.50880590826080563
-0.03768048454553374
0.38043778877848589
-0.62331827757961644
-0.57823996594621707
1.07587945138936347
-2.07840660334454164
-0.11348304572089814
-1.82888506070972645
0.42443910896750825
-0.28324333841687527
-0.43339030296006470
-0.59473250237727504
1.97098280941920612
1.05562358786780597
-0.18088564907375140
-0.57933613403119311
-0.80835577451821661
-0.12529324097348354
0.87659639682568302
0.44052092403517235
0.18266547947106088
-0.21617947709683646
-0.49935461329534869
-0.27031998103016164
-0.10766616059982247
0.41874615585219965
-0.41103156282474912
0.98844754658539247
-0.80005376752176893
0.46169235952990423
-0.27393405677089533
-0.19976806551405013
-1.41453107870905348
-0.00443161844071319
-0.36561907413806272
-0.18454293497308213
-0.22204469683519801
-2.23375777415426091
-0.23259042358265491
0.51240877513451866
0.30342963982919785
-0.55645282248000205
0.68917286312941806
3.29264778378171208
-0.08348953953447107
-0.77957092134888939
1.35320202784101973
-0.62493263733581217
-0.08358915586428889
-0.38040810622735421
0.00000000000000000
0.37705926948823004
0.04785562217479958
-0.00920613346031680
0.73828999666546835
-0.12325274591665340
-0.23358978243119793
0.86781448843941178
0.36649002147080029
-1.44866986406685294
-0.62028543689719662
-0.79613665351962593
-0.23786042623799822
0.27590198146716216
-0.48840136545085083
-0.79616256151335563
0.29854529579668193
0.35844891710091509
0.66562550814426136
0.99073149915767500
1.24822762359875372
-0.19015645768418671
1.01942367354989982
-0.56692939366925199
-0.11121862407266704
-0.42650411779813963
-0.49445338598386107
-1.51461895837775051
-0.72781281842156276
-0.69960307182720216
-0.21242466692838347
0.24217381225826451
-0.08392847530024351
-0.14682436760850007
-0.35175999369604499
0.66088476592003143
-0.41400649706425274
-0.13040798225501526
0.28197442375185755
0.86354156749584987
-0.62868145904978157
1.02010078047560415
-0.22420300433063967
-0.23665172760650402
0.05710601687419071
0.75925256623037207
-0.14759147872144784
0.06328059424604215
-0.11520660267078409
-0.99893883169761089
-0.96119271141805596
-0.23929669048330854
0.89227219619029974
0.02405666737202475
0.39152861059629712
0.86096317918103860
0.54412798722365185
0.12773129387863108
-0.94004804797827968
-0.65589169961662253
0.54947229073733939
-1.54331704636590716
0.62009392698405907
0.04625899650354251
1.14424094290523648
0.00000000000000000
0.35330702405842607
-0.46294753813674488
0.46988907314285960
-0.44649718770141922
0.67327617502162218
-0.56984042080596076
-0.06535355972108219
0.56948256114377271
-0.06783745892842041
0.26980056611439546
0.99823920264986832
-0.60295176603738609
-0.64603521909994566
0.48057285063483807
0.13006139672625738
-0.77184935342242533
0.46864647392212033
-0.24995321647021312
0.12027107062722428
1.70179525738003101
-0.20102776595357780
0.85213944833357202
-0.88862834793503254
0.73982973692115861
0.69274784969525693
-0.56720644566793288
-1.04924911158292211
-0.67605016585531474
0.28209907143053908
0.86869708260522527
0.42053781062072598
0.61081268576287606
0.68814849718520743
-0.24590888032386995
-0.93483867343064364
-0.33379499519563743
0.42389467186242469
-0.92911587950747743
-0.05343634104083397
-0.23739082916636639
-0.32341737741467413
-1.25099754675829500
0.61967846818178407
-0.70867990826777416
-0.30450934911759792
-0.21297890802036429
0.53734874278439559
-0.61593313739662792
0.33772414245614979
-0.63544931394261972
-0.82745570239640975
1.37257675976967652
-0.40098127754648533
-0.45804281359806470
0.58115446952503536
-0.37041944648142439
0.50110999448544891
-1.33402276157450128
0.48358020095154058
1.05650922536227654
0.98573648843529338
-0.07017859905798551
-0.39303455694837669
0.27752978416386892
0.00000000000000000
0.96400270610248284
0.96428819163769242
-0.51163981559770078
-1.16061447730587641
0.58774858547408959
0.52688374545215544
-0.84859655250801047
0.50745336521926820
-0.30468663044044075
-0.26903164587704831
1.55361597456004552
-0.70803270630700721
-0.41192987336313025
-0.29463330732149462
-0.64224802773341250
0.04315270714424474
-0.49451672783289186
0.06066846394348759
0.61210253132315362
0.79709756940126697
-0.03631610784271837
-0.31256868544256333
-0.61353004037550873
-0.13835077616253047
-0.11352792117234335
0.33100919712459259
0.68850810146895269
-1.40919604504788953
0.83553733240929395
0.74392203750632335
0.96790644691465755
0.29848756597274750
0.51240672797441622
-0.82201006203179416
-0.50286924580406045
-0.42272703891188695
-0.34879910501291678
0.55755545518643490
0.69472733435088363
0.18893754098390939
-0.17248730737562845
0.06681150975337528
0.68072139055066627
0.16664821746469044
0.74921191881485283
-0.22323302098769912
-0.09418269560224263
0.92632780273308490
-0.06809650634709814
0.46945762812995817
-0.02228353676930209
-1.03197608184471168
0.52197905636826059
-0.14552678991530957
0.52063993307288015
0.03440447663171184
-0.14435329679193895
0.21611971903936791
1.31762708628600156
0.78918386764787940
-0.49177881262343098
0.83579569394335984
0.99858420989888064
-1.63622497877089002
0.00000000000000000
0.69720008940482558
-0.64135524988006687
0.51682038951905629
1.51747746347589829
1.02364575981677874
-0.50111746987549388
-0.47689068290829251
1.76407718983412365
-0.55398735515305320
-0.26752100403072787
-0.46548647366632706
0.51672684410175163
0.16470027414082003
1.00093449573746729
-0.10216185892852664
0.30545424063428189
0.61532807791284927
-0.39363328927417113
0.75902925223062812
-0.15042088107027268
-0.57117401928987499
0.86157923944248505
0.07947433007997939
1.54759314762325362
-0.16418827335029215
-0.61786190031870891
0.31123047629380052
0.06736388979160970
-0.14654456722158146
0.19113710303340675
0.17909902950594139
-0.98336710005664285
-0.19159139877476333
-0.00752273577667328
-0.31590800232919736
-0.72924918065907485
0.81692472022855578
0.56469472848342284
-0.18684961881248241
0.36540188546180491
0.03341546108765284
0.59315618372847467
-0.21698151516669051
-1.49342515206694659
-0.79062517931689891
-0.76325554321733757
0.60557704943802770
-0.75697748119083319
-0.39348615241892010
0.76007708658578166
0.05810834140158160
1.81449662973567860
1.12040182388715137
0.17832909897645749
0.36240347731007405
0.57597271009701523
-0.74260715170221125
0.18283815697213326
-1.66755847155026848
0.13300647309284977
1.06063446575228859
-0.97077802904117338
0.12550500456736047
0.02483562968731252
0.00000000000000000
0.98414189580654599
0.45411837818979384
0.93323413769197006
0.61174384344351540
1.08556323029034951
-0.66016501307189923
-0.64392587949365732
-1.60744776892499286
-0.50065793489384425
-0.13323569614152223
-0.16898104932053856
-0.12077569118853938
-0.53078822376110046
0.72599454178955469
0.07914847860661083
1.27165514570948979
0.15171898135842601
-0.72201270235548509
-0.45417148347624448
-0.92970991954178450
0.89584493370656415
-0.36655734612122715
-0.52317611200903280
-1.24805541812189658
-0.36379865536137368
-1.17664114286063270
-0.20630590154602332
0.66663060915573413
0.02195170166109880
0.60455232135579950
-0.52304646656467479
-0.82050152649208818
-0.01981372701603912
0.96974576491300968
-0.87888265633853357
-0.25209208480829248
0.34448500836582729
-0.18267670676475559
-0.87975400952885940
-1.06704520015592563
-1.46191626411524100
-0.71791243350836942
-0.95275505464917876
-1.07040293113276230
0.79908391671521517
-0.20809845601075402
-0.94056874030450455
0.85980782123337529
-0.61037108436739451
0.21441120241911715
-0.41250628178460796
-0.21945473068510621
0.63684009282411469
0.81047784043551641
-0.79871517913464518
-0.30800275641371433
-0.50856134721688495
-0.02490475421568135
-0.67908821462062818
0.54936188389297891
-0.64696567092730539
-0.23735652315410416
-0.38886033383504542
0.58691097194357367
0.00000000000000000
0.56277383052851815
0.00935903858283223
1.36017432892711776
0.30283346887914531
0.17054787865265456
1.04962377344357805
-0.83728660063309268
-0.40965960760164649
0.43311797231418725
-1.29854901981005511
-0.82876451392850925
0.69001896316483802
-0.21075047844405984
0.07347147493183956
1.05456468572653494
0.86982084520551561
0.53668177360122660
0.38894648215508593
0.18118645067536540
-0.35396546852547228
-0.34213753814291625
-0.70279747165344486
-1.94051926143281706
-0.80696219578242856
0.49791081479563504
0.07854507362316081
0.36001038886189124
0.95275718356050365
-0.39415750255703386
1.34333932991521610
-1.36850234147170058
0.50014344402507183
0.89153892363643972
0.19663933478391024
0.45054865231158847
0.63371010045707843
-2.13767162940084487
-0.73856049439821247
-1.73058181770189479
-0.08209959494748327
-0.83412846655811279
0.33052513749464579
0.38533023133142102
1.53768029264363881
-0.77576233490036550
-0.16528345852271334
-0.96902545795098005
-1.87700139720525061
0.41273830073813461
1.21316957693267913
-0.15044315414188308
-0.66808380841098092
-0.57176127549383571
-0.88202015930231414
1.47254843900918386
0.15021336777499616
-0.25274970921241779
-0.70565297147569972
-1.25822127319804311
0.29126872373930790
0.22897398734408839
0.77862492422436314
-0.40429043876944520
0.05432350719852983
0.00000000000000000
-0.17693490901731246
0.00616980909562292
0.40039121045302778
0.11624532491835216
1.08760406217284378
1.00872221638346971
-0.26124497942240493
0.17499529391905097
1.09420183072371091
0.48526191975058530
0.78445756262235367
-0.21374931329486158
0.77799720345068657
-0.04210266416427846
-0.98275158181773248
-0.25403438902943704
0.77490636172933414
-0.96448401051553556
0.83865690877073440
-0.76991578360422275
0.24638343075024302
0.89823201581009837
0.34468687719041846
1.08268784014517561
-0.62274651280087978
0.06362125743824593
0.98944630206535567
0.56356680882692600
-1.15446409161472618
-0.08885899488148243
0.60922204398217650
0.27048479183092872
0.04689631170442219
0.63434991281163655
0.79037036370351077
0.21321565528480585
1.34267943023163827
0.22155762043205640
-0.16855864266617152
0.81896184613803724
-0.76269596075524071
-0.40103366156903902
0.35645723587049266
0.20654524412939920
0.53378139890308118
-0.98638279029436571
0.34652703356800912
-0.04166682096788437
0.11552404466858338
-0.41787353275619366
0.78069523802593421
0.36924661748381271
-0.30649542253962953
-0.34352778472679069
-0.43162074039004683
-0.40362233129895669
0.82238252466055528
0.28352643432575864
0.86819242209781644
-0.25746575721670534
0.50113347107457440
-0.67045030985979415
0.88851247427115343
-0.53567184467183659
0.00000000000000000
0.32491555962187030
-0.18515787185041144
-1.03981917521719791
0.66978867882597182
0.05286992362580317
-1.27933208927195263
0.33383082963215488
0.64772741359489827
-0.37479314628554772
2.03626232485362735
0.20697308097497630
0.61879856064625416
-0.46050308947536100
0.91488678260081746
0.29560075011051984
-0.96778065994821283
0.68325625711097293
-0.67429515945117091
-0.44181541082057646
0.37842850100645492
0.17216264975958179
-0.14420484713783810
1.26331845823117250
-0.09906179225301082
-0.57443680332730851
-0.46411243250500839
0.16405341339380572
-0.22083059611841330
0.13652327470932141
-1.13046487742676582
1.34655900876097068
0.14680783449465282
-0.94290658510393799
-0.23298523251589492
1.03594504493144712
0.76696545933801297
0.20847742347137158
0.22953603826255042
0.16231997326216033
0.19528867852113913
0.21663158358363971
0.05557154238773781
0.43736235361619558
-0.77932517389589140
0.58197144210643825
0.60236985876622307
-0.30377322756556330
0.29505681351010232
0.86859798513478093
0.10388090360177708
-0.47062896819742706
-0.85590315183032994
0.54845112006487928
1.70308439190355432
-0.67222532915713096
-0.01722993093164438
0.03521406670069301
-0.76451905318197444
0.40493673865918994
0.29745209574534276
0.38380846729424295
0.43030617985042674
-0.40155086177434512
-0.40364588864371120
0.00000000000000000
0.80211884867269834
0.81675807449894999
0.43143354713273685
0.63876744278385389
1.07206894249785578
-1.58057823107067108
-0.02002165965808943
0.80817866412948824
-1.03571289861737359
-0.72118711334931507
-1.95491457169351301
-0.08057935980967108
-0.88337741645965540
0.95053506770409979
-1.42721882522001109
0.45539311710655417
-0.36927952383371115
-0.11763283776568371
0.91366555576741737
-0.40768182758545013
-0.33532767732546837
0.87094660210139441
0.33449707877871887
0.99920338053596514
0.42165850840285746
1.11064640858118091
0.14134602814558805
-0.67053283239136274
-0.81363013483667090
-0.74995865781743754
-0.88037099769415539
0.86301990922468963
0.29053321857560110
1.40284234014116960
1.14843578361266885
0.01263964117369955
1.46574047164633448
-0.42600439591134664
-1.14975377123943745
-0.18471578535534108
0.39429513983974601
-0.99464424595930212
0.42434196451714840
-0.75065932731077822
0.22097192458298218
-2.11205453518657116
0.44649864725832589
1.47441603445001679
-0.50721352640093020
1.15267728300804007
0.77029215628372616
-1.39804873521888395
2.05675865861817941
0.67430544771575396
0.20570548766161381
-0.27419765423430625
0.27582611308141980
-1.16006070323479804
-0.37591954336012362
-0.01664029463339458
0.50939520642782254
-1.49264490921725645
1.49530464994100210
0.53809754203586113
0.00000000000000000
0.14721500767500603
0.86649419308840181
-0.48934311552843213
0.61485093804176416
-0.46709425648644792
0.51591204742234420
-0.60849199338319748
-1.34067125252932384
-1.16996543477291115
1.30170689089815728
1.32184186040775353
0.64486421606799860
-0.60939970902852192
0.65730612469061855
-1.02837079163901546
0.43668433098115489
0.42909401136087971
0.04795194844596519
-0.81847422214236576
1.81967782118285060
0.45511210824719045
-0.29024487061676491
0.72974653117202071
0.59271886723338185
-0.57868094403184944
-0.54874943883933758
0.24876718500593820
0.42343392544727387
0.74265037931528488
-0.01733487831846755
-0.50693903905287740
1.27287131917263574
-0.77141783139775999
-0.47951649422984199
-1.07627424420113793
0.15770814994170973
0.58765207131485631
-0.80476437824979608
-0.08043910634197524
0.36447423053706346
0.40551786184200961
0.38076346604747119
-0.43622305596541183
-1.67080009672929286
-1.24380015970294755
1.84467955671504513
-0.51184010701280236
-0.70483621958443998
-1.42732778969624285
-0.52823238096581526
0.87903206395203992
1.02612415111831856
-0.06577478832112313
-0.15649289633864932
1.24119650486481570
-1.00865849354125570
-0.52383989198349901
0.93198340317346084
-0.05268774630901433
0.51653068978933114
-2.11280562914716397
0.89592285309789321
-0.46430633783810360
1.46449228095517303
0.00000000000000000
-0.02020681491718108
-1.14529062009808480
0.92039415642206235
-0.31417974643818763
-0.70975439120487627
-0.28843891993835069
0.15529333749618873
-0.04475132708447178
-0.18968680988720801
-0.54759457555149627
1.32063524386127629
-0.50316473686486829
-0.04917788279986408
0.92520806636707587
0.56993221846188447
-0.50950106836356979
1.06281320765983311
0.43082937728216292
0.98218637078970994
-0.73502996134718301
-1.12767593900337570
-1.26750056802690603
0.29197004432412627
-0.74380048810354071
-0.52341838111385786
-0.66880674336748969
-0.87028754924863372
-0.16253055973459207
0.63587286598210702
-0.55136029805908870
0.73554021247642332
-1.54543295953717874
-0.98529839101538552
-1.33929762045721912
-0.79702133354701732
-0.82914730417466731
-1.34611803135791996
0.60245035481214337
0.31614783930951190
-0.07763046052420543
-0.99781102379264297
0.91285290397181129
-2.48121417768120844
0.75839508514617204
-1.09036006311791400
-0.23055260231436864
-0.87390959121840617
-0.18368633445513988
0.87799442186422683
-0.02399308725952070
-0.37836917985941199
-0.30341127850489424
0.09686848771990592
-1.39939845027828702
-0.99989863252194733
-0.09378170926129470
0.80596285984056670
-0.09254860974042414
-0.89573553436703746
0.69102885494336463
2.00750650930333085
0.14960732950124073
-0.56829198305273010
-1.48666538297853212
0.00000000000000000
0.38310954154441568
-1.44238466708230639
1.87631983877977015
-0.84883355039714525
-0.45417290887450595
-0.80894849298721749
1.03252802554004486
-1.25953654163192375
-0.15370284248412733
0.04593094957260489
0.34190540690691024
-0.54694733344422197
0.49160471993398491
0.06658531356286361
0.79169147517594007
-1.04173405530850816
0.38752305922167596
-0.64850173836419978
1.00565293362154740
0.90379703798376942
-0.36231517540756430
-1.50682745811184393
-0.33543396374227985
-0.68151157592105005
-0.80777497700009915
1.49581831665644249
0.86718226282434829
-0.75365062788867787
1.77750831755151806
-0.68283040899589686
0.28208540323600861
0.13724839159816221
1.06500906415849506
-0.30956031493783343
1.51475900044019562
-0.43715191687424715
-1.91446844341427358
0.70468047156201108
0.50183120949614179
-0.02043333063930191
0.30153052229091704
-1.34063555544597790
0.13098774830327367
1.81672462898994591
-0.29530788041486405
0.38946100397636924
-2.38552133195829219
0.11773137354189281
-0.75673125763684845
0.69650038197749597
-0.54703556880339699
0.25943375201068092
1.34550978207041605
-0.20415494957612190
0.57261510913689295
-1.35689139618669352
-0.62879335897611366
-0.85872231418867295
-2.37082456915782425
-1.88590210638980604
-1.47458302052991130
0.87021478386037521
1.22987433316027084
-0.31790814279810259
0.00000000000000000
-0.39431884122129857
0.62734788940837505
-2.07671085713535319
1.48976616134709938
0.08435899094075336
0.29291202003224487
1.27020907133941763
-1.27111392185661654
0.39898115713367999
-0.90186797067255919
0.21687981301787843
-1.00121239760811553
0.54774702584546409
0.01647568942902449
-0.51107645890959419
0.12757272756528132
-0.81762624678072104
-0.35144278566781695
0.03355320244324033
1.21637453274149188
-0.14210005218272889
-0.41834510462895558
0.88140924249478525
-1.41855026142092244
-0.47588863884312255
0.97434954858436940
0.03944022250423702
-0.96044016161658174
0.44414422386728608
0.49634552114685865
0.36936330187296335
-0.94548631987587051
0.35362143287267905
-0.47868937522231819
-1.56736701413427060
0.02100624597135536
1.25554684741646505
0.03766523099684375
-0.07324503964629524
-0.76061430247378969
-0.54918473672496326
0.47963138681391854
-0.87206976772231659
-1.37236978465917936
0.43735282347464099
-0.34894135093140666
2.20196409007560323
-0.56923532859209158
0.88793331217101779
0.97581615120902787
0.58218776952779649
0.16039446133670016
0.64127487923289017
0.54442484729719509
-1.23271427575377079
0.79539377162211500
-1.03635252887693774
0.76520797714424260
0.38076580280962541
0.61621129416100207
0.71163951661583524
-0.58476602820874157
0.08942817573353072
0.22060336137761166
0.00000000000000000
-0.53690439097672038
0.03989040737981334
0.12038751964072344
-0.25636967638233554
1.46572195328900157
1.00838068987570439
-0.04652287559395714
2.03197661959339593
0.75029677789198679
0.32921824956430767
-1.07862616041699555
-0.01060761489920633
0.02204494949343514
-0.32086010653542929
-0.27664125991010996
-0.90009300168832385
-0.73408909121548227
0.25645565821101718
0.68142969364349926
-1.40014422525621907
-0.12396945237588172
-0.24311099519726026
-0.48355883341425016
0.36287389824495908
-0.44768993226803139
-2.00557137881486325
-0.29875710845292380
0.13368775520510845
-1.37870866890492394
-0.61009064699974325
-0.46291430331103989
0.41077512275469913
-0.14177374672926205
-0.21559505703626469
0.14673056765344147
0.46154002842598407
-0.50846947341151716
1.28671944924376636
-0.16938002544521963
0.36712049408701397
-0.33943990675538721
1.86518206728836033
0.89645291021720308
-0.79777219074749561
-0.44392844861352904
-0.00563209153498068
0.16735109128907236
1.12099279832861343
1.01007502970190410
0.09259766295235139
0.97395522254688716
0.87735266819603885
-0.95240239549137040
0.27480082997580890
1.76572041451618600
0.70034520141037215
-0.37776927050081727
0.12121279725997920
1.01128606517816677
1.41051718019718431
-0.26242840727455874
-1.39073337783247131
-0.11280399740643618
-0.77582514473211694
0.00000000000000000
-0.82748993916354507
-0.01741397087034201
0.19999738371204354
-0.38093850031524290
-0.56628981471616469
1.73264685648199213
-0.31358669456498506
-0.39231375652671169
-2.19034903370808998
-1.02556762623518449
-0.12219223973995938
-1.11095994171278267
-1.34932294876590331
0.10089380370218022
-1.04994079536213070
0.53002812622761508
-0.29260542229727193
-0.79432757566011969
-0.74607656142014001
2.07462944617833767
-0.82810335479987873
1.76623501155255758
-0.05688757168519665
0.02383372991396031
-0.58602739620007138
-1.01851518884342873
0.96892824198372129
1.05963680190671239
-0.91704641722826663
-0.70178598891604527
-0.95155233307027620
-0.70907799892591372
1.21807832169330865
-0.58150065799109163
0.37070930893884907
0.50055553813285558
0.08968617868010649
1.23043801602620961
-0.14086930500549905
2.07668080352940487
1.72259854220460462
1.04971955486936053
0.15961809897774282
-1.02722559694002213
-0.77584449290639623
-1.59784970938945570
0.47301918072448784
-1.07396299720921040
1.07962457855795124
0.59591085160130453
0.82748857226079886
-0.56989346819219555
1.84386531022775579
-1.34777363285270013
0.52648095830558650
-0.42917428555797038
0.49876639975856102
-0.99365370389517604
0.72340964772003791
0.51250501279040972
-0.21340536356917761
-0.16700154019290991
-1.05316569976824170
2.08778636100494186
0.00000000000000000
-0.26016867141709799
0.21707433314864910
-0.12786059223499871
-0.54541454962905056
0.09112834155412632
-1.82622676596708078
1.22689058443336174
-1.48025186794300168
0.07253007845874899
-0.84173106400859077
0.81161878914493202
-1.12565218995368954
-0.04452226491713764
-0.67561563565889227
-0.32160146565495212
0.26817520078734441
-0.21886273916285487
0.49578305018758495
-0.69670765972489612
-1.25465429588225863
-0.41776472892971478
-1.31530662060342562
0.00736425539698639
1.35912787563053361
-0.04683090844457847
0.91959691691256251
-0.69198861079093898
0.01965185583345171
-0.67833651810124795
-0.29725601159139120
0.60860111381998316
0.19473113738433442
-0.91369676579096759
-0.54593316912815215
1.58108058806521434
0.74162307481993561
1.12393702400657847
1.59515095589699274
1.15761905408553667
-0.64639407884132627
-0.00784532076500394
-0.79598482771697021
-0.54845437301166511
1.67286121371470564
-0.43438627301729810
0.88879152037727194
-0.18127805837685274
-0.41409621490251119
-1.07010092461061368
0.66883547330106718
0.09898810124969386
0.14053843728688609
-1.41498444189705186
-0.02812215401775394
-0.36641887840320159
0.31762715688661886
-0.57426880046093975
-0.84172494760926719
-1.33826939620987995
0.20446399988281425
-0.04186899622948832
0.09115915387985719
1.84948074895757308
-1.84787744862717762
0.00000000000000000
-0.38931797578493371
0.83214760392614873
0.00326675614258941
0.04710896010856835
0.29058249363173821
-0.32232619459975947
-0.16086859836947434
-0.14928073971459369
2.58959204828001166
1.92719860426216627
-0.66483119325386064
0.44315812953002021
-0.17088441864716519
0.15455541705654091
-0.64873231643330953
0.96838141416564272
0.30737917864688147
0.78033959038986067
0.35217606622704217
-0.42652846849640569
-0.07947259830519154
-0.25755393409424110
1.22400254965896638
-1.39184451856640523
-0.39428577180997082
-0.36786161604523721
-0.32139366103456546
0.20282678999676351
0.11175253506124012
0.74825378222050687
-0.28123423591209240
-0.74590727294095038
-0.53411208743621552
0.72409883650993256
-0.89033921548739248
-0.36722147311387210
0.04971372376416056
-1.46856484130011822
-0.31008319717252686
0.08536039653721041
-0.93909610998731274
0.32399446736082482
-0.50612778828006633
-1.62939080854478635
0.44657857250996502
-2.06910319441717538
-0.42438052692117378
-0.77532689424772616
0.03958796660128743
0.40723500278365177
-0.50716120479465909
0.90378287357031506
-0.26690695357127969
-0.95001336432486982
-0.20501644156720694
0.55419051694250265
-0.40679527942179183
-0.05960730934527840
-0.30590567499654164
-0.08019712276972640
1.14759500844593676
1.08966367719122581
-0.97966019852314912
-0.17202649756209870
0.00000000000000000
-0.12331281755858167
0.97079022821366745
-1.16808373678038446
0.47614146910957145
1.11368474196519318
-0.50238062542143525
-1.14457201216267812
1.09242322010109216
0.80341268965968016
-0.20363674145664759
0.35050998457039229
-0.04178159577753439
0.21516900185034021
-0.00100216619841179
-0.35906188232482511
-0.93154695316010538
0.25716322257139973
-1.55907895984126954
0.53659570483834707
0.51475290016069541
0.93612860429080680
0.25593133938314555
-0.48868583041874425
-0.84783264048101725
0.77947752219047939
-0.65475227856303930
0.88744226049031627
-0.55781772387628248
-0.02266744213252728
0.50853980864702508
0.96729215465945573
-0.02397942970346354
-0.78938267130238260
-0.53121435832166364
0.84319791467440852
-0.29302326143908891
-0.49272428358910492
-0.55313704709510392
1.26590964409318296
1.07645965503938879
-0.76319331002032753
-0.07618276862548841
0.32080721792351113
-0.33201647713598065
0.00305463344241675
-0.26744984928633647
0.33895338629192140
-1.22667279796364603
1.67665993577724914
0.95241388632357105
0.03094608423449154
-0.26136690353842484
0.22094983018797010
-1.62552051987248536
-0.67006443853247055
0.43062499043534508
0.75502971871820379
-0.97106634239672884
-0.33836358856531279
-0.98460721129088868
0.64420572520873010
1.35184038127264450
-0.62949317865330368
0.28188424108280336
0.00000000000000000
0.17355504761646032
-0.28189980635677475
-0.90022960219252357
-1.08982057248159325
-0.22008108817335920
1.66461223587729368
-0.36742686417306691
0.59888198018831462
-1.31634869886114014
0.06241973044765518
-0.41344771791766727
0.29949873603859511
-0.62363429642879498
-0.03922082197074484
-1.31841544567806102
-0.03090450908066961
-0.58583663473391734
0.83140717480327142
-0.40200126191744640
-0.16954605549622268
0.78401980313742747
-0.69881961633907197
0.03941275931154036
0.71164522465702906
-0.73581156689377814
-0.10164398257171031
-0.81459219928420912
-0.02994984081661195
-0.72598961150647667
0.31419425304554977
-0.14616762975195774
0.06522564050541739
0.03707566698862727
-0.54322824301590689
-0.54819935095789862
0.62820499252673712
-0.60723152271602387
0.57205140737973503
-1.26778032190867251
0.19287448011704322
0.01224279406748360
1.33417404545264362
-0.44078016396710989
0.70526642579224763
-0.75076503108690673
-0.71483523626105816
0.12616292877041543
-1.32122892080888743
0.24741804055450906
0.71889924894000179
0.01659677384934546
-0.09841194006371709
1.29837123318902536
-0.39742580529301652
0.83754567916354550
-1.40331898790943166
-0.82262273435023059
-0.32059478749734494
-0.10814968291895594
-0.22547727325393757
0.24930482659250591
0.78410302062524762
-1.38405133759672960
-1.01862090876674483
0.00000000000000000
-0.38969120914605510
-1.00040064979923149
1.71479804649748901
0.02004050297233321
-0.78450610272717680
1.14773491741709188
-0.28104674247838612
0.31678456843188901
0.82224097745580982
0.70296189136726162
-0.17807088190331141
-0.34767431898209655
0.65934144419258434
-0.34862349903021128
0.05557195954017688
0.92526321803844302
-0.58571945630569833
0.93657210855054440
-0.60886392136547118
-2.12940836025148084
0.20713073289688372
-0.89951657418137621
0.15409203348436920
-1.34328460861537069
0.55073218543323521
1.41285216106311751
0.79314822850031430
0.01792445925684872
-0.51332728086998125
-0.99927731029885780
0.62563436307660247
0.40704174888423744
0.60117961067837122
0.70873331595634625
0.01767596829055619
0.68405382611863030
0.62101181235177083
-0.39896898206603937
0.43428471588527978
-0.83434218150754924
-0.09840473693825721
0.39514160848391677
-0.07953167429923494
-0.89220788709480159
-0.11450946042695326
0.05724941615741248
0.32071290050530710
1.33721683845554540
-0.76983799985416146
-0.17096730261617832
-0.22862294283220988
0.21035742756151302
-0.64480867368502115
0.16235752618330876
0.24758846904113138
-0.06713582909581851
-0.03707745376191065
0.60673685981490666
0.89047945676728357
0.27731351346890382
-0.64124051022931106
-0.19494877843086345
1.08837606887436800
0.43136879955293189
0.00000000000000000
0.73193866823644871
1.43003275279669828
0.05170780658209904
0.95797141196439939
0.43786855873139779
0.88897567527521015
0.93710492866173367
0.54636316583382738
1.14932864033830073
-0.27143970756500196
0.27903314141076802
0.58940479602131268
-0.11658163284563723
-0.63746068601388151
-0.13236101161663838
1.70559941309765528
-0.09581945677907210
-0.50925847851717854
0.66028991949625182
0.63649540579534725
-0.14759230461240927
-0.19382632651558321
-0.09204477479395567
0.70581616814555270
-0.63060092504573995
-0.37658697322332052
0.28598942438969432
0.42009316089701204
0.72685615110080315
0.31985576614342259
1.30644330189552127
-1.07422428052459029
0.47044742484911156
0.55038808234552239
-0.87816350376762753
0.05315649560530267
0.45768116445975482
0.05757657702502742
-0.65650703091974305
0.40674653427498125
-0.55266926983757370
-0.77526350466221083
-0.34424396352081016
-0.99717628494228105
-0.71489996509826226
0.34171220122381890
0.87034684057245404
-0.26262405078674644
-0.60122320159783471
0.16599500147257126
-0.15920789900658966
-0.80856632545999263
0.47283142789244509
0.76459061686668850
0.07290081956451797
-0.23485909075100886
0.24419799567037442
-0.20053351192049923
0.29082871444049985
-0.63238924300860655
1.23683021284839301
0.33036743364032994
-0.61142273946641179
0.15627473832385139
0.00000000000000000
-0.45398005507643913
-1.00562599029884203
0.85220979262701124
0.07959860434852022
-0.32176503231240128
-1.10831184906015445
0.34189016829175140
0.25742505382940328
-0.59905419168444762
1.05358842167498512
-0.49121204553610653
-0.72305803385601697
-0.79249810889284311
0.19314106598860431
-0.30482620837278768
0.15248057288847511
-0.26678239808975623
0.14776973305133650
0.35171845428395576
-0.59327596479413724
-0.60749433362761174
-0.99387728479237569
-0.19764976906740295
-1.57232475922814507
-0.51193622928615568
0.98780437350120331
-0.36379865397903399
0.22001415892888970
-0.66878591340207705
0.85657418152957698
-0.33323968581045249
0.13342547600371898
-0.77257343732425543
-0.01425696391488523
-1.08832035425559237
1.34563294447792536
-0.35725334619212190
0.19927496696267391
-0.24539685813588774
-0.28002081934064699
0.66323547724166998
-0.08710450849552505
-0.45132801823414648
-0.31554557331842381
-0.76844267844714675
0.15730209044403318
-0.40905033964697790
0.02034513837511256
0.06841585075606897
0.86726810272693899
-0.71737217345190329
-1.30146173584353675
0.69274538674610264
0.73891228278082910
0.70494492151108068
0.08080600317091204
-0.45319290652688493
1.68160401318244257
-0.20726685966585962
-0.83225118866784509
0.93436891464046035
-0.27562537152594657
-0.08392769920373068
-0.90716932931325556
0.00000000000000000
-0.23374008023514134
0.55101342404970066
0.15276457070206473
0.29649971581586221
-0.45950243308605948
-0.02919230292552384
-0.24365275235728059
1.70665760605798522
0.53691359123856408
0.11362367125345170
0.16820529689493408
-0.08415626301431628
0.19541265155310852
0.33058863674039163
0.00163715730209185
0.20321067648504615
0.45094294785717309
-0.13221104293461391
0.72210462793648400
1.00616534067809016
-1.01470614570139972
-0.38551383385719995
-0.04050672703814484
1.07364431131609539
1.02773421389625863
-0.35683765273425072
-0.07137773747548126
0.80671487363196059
-0.69301503583342949
-0.67956682393681345
-0.81419224045554539
-0.56965076218627264
-0.41662767946544454
0.10863730477904417
-0.13364930452925203
0.07345870288790768
0.75103632984644919
-0.67676691977590131
0.11566040148583187
0.05924532815963528
0.02413464533162800
-0.26085077934526213
0.02573354862414902
0.82852689905728683
0.76075866573329587
0.20056644201314749
0.42408695063537361
0.80239456869504999
-0.79498355236845408
0.66587763983211401
-0.27870645824245843
1.19648642181629539
0.47604523324008213
-0.47898298352835461
0.81989292075241071
0.88996177646659480
0.51469827202099905
-0.86054697187217000
0.67780515190878809
-1.03777284276077486
-0.66239971506657225
-0.34810174001678529
-0.59663909969050277
0.95869309266092118
0.00000000000000000
0.62310582188040031
0.68836301646529696
-0.72109410308510691
1.23043993301092747
0.62769338660966811
-1.67375122346406524
0.81927544516828632
1.47894862922809067
0.19281439990131391
0.86738644294522638
0.43672486443574865
-0.58933215796481220
-0.15308795486336463
-0.18394096814542130
0.65993564697070395
0.91183557560706918
-0.27803077456556563
2.28080733575376993
0.81353440480331085
2.36454177694619316
0.73501537320667154
0.18936512108392622
0.75623016476342519
1.33608804423661143
0.76250866886617852
0.19448149657584957
-0.14713043434080392
-1.34224576258892792
-0.22719001016426646
-1.26499113772964877
-0.94823326373372829
0.04583659497743579
0.05018938343895389
-1.03410452751686943
0.54830439353067117
-0.60214586414846760
-0.90209020186345246
1.17214865247076516
-0.41132720339370066
0.69394732627444289
-0.97593630528756192
-0.51679824847286648
1.22132647191743060
-1.08420299307617229
-0.86006214359830013
0.13946842305025162
0.64776287655703157
-1.28731694774918615
-0.39164465402921733
-0.93954948787497505
0.37075832245256812
2.51901284199567677
-0.58736924449781713
0.45559222437686020
0.90957903779034532
0.68153003346594898
0.21186649383527142
-1.98466086422208288
-1.69787384302569300
-0.42235661259123219
0.78230028280731767
-1.03958670736311287
0.28204428920748054
1.04666141186024308
0.00000000000000000
0.64806866234771066
0.44581239040529391
-0.45488276815065881
-0.35203115332001111
0.78404703868149783
0.18729370161005363
-1.09927593591843964
-1.22772537431102680
-1.09743351803435352
-0.82364283808405181
-0.45416713456720165
-1.01379321687200141
0.47931646218815521
-0.17219606711552002
-1.13184266758835306
0.84195837275320640
0.38284446181104081
-0.35197572681281464
0.50848306344456196
0.78963844244609127
-0.47890938987021814
-0.39268980321334312
0.69907028606154675
-0.26351843289549209
0.12385102557800992
-0.88482398168428322
0.65775332915460905
0.32648626683465393
0.74207242348475422
-0.38214416818771885
1.17941719806682244
0.09765389120595744
-0.25623784332699628
-0.55735775459625791
0.46571319532211591
0.32645777146134614
-0.70686300504152466
0.54238070343740719
1.20631874896446134
-0.05764812509966714
-0.90967284948335403
0.04948916091621364
0.01312038534699050
-0.85769723904731232
0.33585639370561426
-1.56179849109726532
-0.67857963333602567
0.49277870387661554
0.37786900935148615
0.47470082331022240
0.91471226273085282
-0.70670707314562109
0.59317607710449693
0.68517278771471690
0.95254090750177656
-0.82386247266223744
0.18262582482985468
-0.31848783258196928
-0.32106088362843210
-0.22453265046836429
0.70036865474911791
-0.01204457356947922
-1.00487464180870867
-0.17342261984527543
0.00000000000000000
0.12015011274773840
-0.05668381190056435
0.78712789234960157
-1.19247319704752708
-0.09641898287465622
0.30014296000691093
-0.15059644968149105
-0.21952250410311264
0.49101123083912201
-0.24325806250451837
0.49386297344035679
-0.75879519171338750
-0.79539022204329479
0.41985843094515291
0.21587310723813316
-0.10148474351551905
-0.34263153714376188
-2.10087190431921877
-0.30856135819647984
-0.48127490174522897
-0.18325177136976564
-0.99932577088817609
-0.29184742746026771
-1.17277353931703887
-0.60831705845941242
0.15699970761139492
-0.31602078886916923
0.53641158328287586
-0.40240425904507121
-0.29765960167776190
-0.20895413270069563
-0.52025245252374586
-0.56590124436431566
0.79019604083363859
-1.17193162369737136
-0.26129236165054309
0.09010971255966820
0.75071551886828314
0.42627997438126403
-0.38009457995452939
-0.46508495017083984
0.36867293426640158
0.38280002226562376
1.39979833199889958
-0.70111575475558507
0.42989829908131555
-1.19485705999769265
0.40645241761007772
-0.04660856761113365
-0.83638078991354736
-0.59569144913319794
-1.98302299240337954
0.63701419076862165
0.35943942985017030
-0.06985161091467475
-0.83259031329423028
0.31411281326860307
1.28151066843873829
2.26452296622525573
-0.60187434723167066
-0.57757539309986272
0.30064645627001169
-0.81283308465306547
0.17607173549472074
0.00000000000000000
-0.81390731324042054
0.00855807214650129
0.54850042458944770
-0.24513820883697091
-1.33744346140070225
0.00193383291476514
0.52331820806681351
1.16919220928542056
2.21003668909527429
-0.01480974173890966
0.20463446541121966
0.37964984840259752
0.68538596611120106
-0.51407992133328517
0.25496770706776334
-0.02544633440025093
0.15690245823750890
0.57198530660072311
-0.41538217981340214
-2.78193308472644896
-0.91836964175981939
0.54173611045553050
0.45289284593923523
0.91153305345939040
0.39628206184676340
1.86032144707699065
-0.19282568938400740
-0.18031705799426162
0.15562659837737100
0.20581514580401511
1.02663677924197305
-1.32338665661017330
0.41279173167596306
0.39390969312458207
1.04938863562411666
-0.60301899963367600
-0.52797886696617025
-0.19066749266035962
1.05428577440432547
0.99125917933825680
0.37215384108528576
-0.26191359088664884
0.52957948083843642
0.50253682051309778
-1.49320704915243341
-2.00164433347635473
-1.02490035518595235
1.95943123143274445
-1.25070536131701116
-0.22330135169818444
-0.24234383198423051
1.05138066309077693
1.92232659516101134
0.53786692673432590
0.81321381250157498
-1.58629857509161698
0.06097663149663035
-0.51646617224164371
-0.44254212946287935
-0.57802005093772990
-0.93387993320368889
0.38059323261274530
0.60133102823766305
0.84461889350764607
0.00000000000000000
1.49598863330442855
-0.30826708823725751
0.47371508018893221
-0.39039143058693171
1.42366005131282636
1.11043782638370692
0.94272119802645771
0.01435395315145466
-0.27210889121161502
-0.22626554915225275
0.49295372428071266
-1.06541876555227932
-0.56771792526948817
0.10868560156453155
-0.77176674070988682
0.09098319494635056
-0.78623028685082164
1.09691664258406307
0.05712355206708693
-0.45675496711566499
0.29270737232572441
-0.06820198538691583
-0.61244188304165437
-0.61435314865794777
-0.00731674967265009
-0.97810096524369428
-1.01932757656326500
0.43449711583722694
-1.57718410616572746
0.82232240212112506
0.99169073022736520
1.16015163334901539
-0.05643625790055290
-0.90159289110242213
-0.89584567064481369
0.30797105654234552
0.23632394031811349
0.76329083324105829
-0.12622100350249854
-0.02209852685390189
0.22227900906114512
0.62908558900335243
0.66645977153118363
-0.17715086881135789
0.34781176494745664
0.06728852254881301
-0.87615555624131403
0.46485863257809384
-1.08021404323073056
0.70202192151351406
0.78430731748587990
-0.38622849367855366
0.09502772614618804
0.70744915820195109
-0.48615370953927045
-0.54854278759901787
-0.60537005766194818
-0.61893842907963281
0.64817999393919745
0.24776197323213173
0.10622809267787083
1.34619079160630628
0.57841593896684884
-0.50389829494028093
0.00000000000000000
0.56733760818490986
-0.45086395458983330
-0.91302720764552070
1.56663870422947005
0.91525523055474145
0.21639445294496187
-0.25760702287505605
-0.44832982131718241
-2.21154309264316495
0.31127293575037868
1.50698456806827985
-0.29583874620322953
-0.34161419321847170
0.11210452856161508
0.83559211325751681
-0.04298514550666282
-0.59976163569003149
-0.01296701904561939
-0.75077666526548525
2.25599064650587655
-0.47836741255372295
-0.02411556507913472
-0.54461528803335058
1.21348540596796273
0.38769854845547458
0.47201029094979446
-0.93049471298587116
-0.64457760340242498
-1.08874294129224980
0.50143281748258917
-0.93499915292887681
-0.25889514385983659
-1.06294736754728514
-0.46547981823487145
-0.65006129630546794
0.43677032524175929
0.28318221366512136
0.27396474478881977
0.66328589263752580
-0.77680922413618525
0.72092145185233214
1.01664869168621030
-0.72556272840161118
-0.73688179407711285
-0.67174741212564326
1.89863185465988971
0.87552667294309217
-0.91232705505062250
1.21112644145981108
-0.43918582451156013
0.63101038305798163
0.19473108384826926
-0.65146706532533605
1.15896220062783439
-0.13811679895472942
0.90270900525310138
-0.41667657426942534
-0.97148010246954286
1.26610668652968994
1.36478860181149009
-0.02663942207559666
0.32096381164164128
-0.89579188350859129
-1.83599351247909803
0.00000000000000000
-0.38203263530016118
0.32594619559019744
-1.50253092821356460
-0.39489124439949114
1.49336748355268290
-0.07384203980955641
1.50394651956318048
-1.00773698235141906
-1.51516712785581587
1.05018428889555548
-0.95943721064254495
0.44708855576565343
0.63918481971628671
0.46315678930982779
1.01311169272846957
0.33725393469632164
0.31024470841139540
1.09867447653045325
0.85359395913927760
-0.28727679900442216
-0.00968349249138458
1.10645754488883430
-0.30703297213097919
1.25395841622324999
-0.79594359598252495
-0.86106863295792668
0.72910455722135181
0.78285700343111742
-0.82731615803774827
0.89345402659373663
0.49398590769115475
-1.19040827898806434
0.79067228270929479
0.43979290123956916
-0.35375001202572159
-0.39327748129525208
0.90243083498633914
-0.71171192085309565
-0.82254022069729194
-0.78346075824584527
-2.28699496969335136
1.41505731378669508
-1.41176185019923506
0.12819541478091590
1.04876020048752916
-2.27909384563473694
1.42493841377931907
-0.78832722665571575
0.83412484523264840
0.48596888785528886
0.54385258168020967
-0.87193976508277637
2.26280635934065177
-0.68264328972540045
0.35732299180564120
0.14386296345406688
-0.26477588408693598
-0.71102157793601872
-1.89003420231943653
-1.47326451282898074
-1.00621647453510188
-1.03799764241713444
0.90320176871269364
-1.52332892469272463
0.00000000000000000
0.92545917179644976
-0.55747139426612857
1.07131377438953423
0.32709813869269044
-1.73581595248170539
0.10537217118138907
-0.16640920970379858
-0.50929473475163667
-1.06825046864132789
-1.38758185296102599
-0.51609993383782382
-0.28707435374565621
-0.72350963369203691
0.03668180017823595
-0.63574236311194310
0.34513827117443968
0.47814037343830013
0.08787044376222418
0.56681881474838058
0.20352252657159270
0.58643054988438448
-0.14965058859104166
-0.08757546366336594
0.09072440670979477
0.89568398574089503
0.67320604794312200
1.27428604184038163
0.37587932054078954
1.07595680654541992
1.25046666332628686
-1.49514155735637533
1.79737317443016509
-0.35960232324415359
-1.67564169169463506
0.64918065438967854
0.60829435826939859
0.35797941689694285
-0.00073819357408465
0.05239673248075900
-0.25044839050948775
-0.24578663847099419
-0.12169517869968301
1.27750336163315681
-3.07904922971862582
0.08625403361889314
0.74459295884175114
0.68260182273015613
0.64046376091341151
-1.44928158021911169
1.83678912040645859
0.93649970542684391
-0.03576562697941250
-2.02854242693113962
0.02093425098854833
-0.66993556354859507
-0.17561225653459772
0.61694543221666776
-0.06379863051919081
0.48857920333844773
1.10474570458807264
2.01639173528834181
1.75246681867079235
-1.68616688269009218
-1.16933950555239052
0.00000000000000000
0.71699929560994835
1.14967984837621962
1.52843562322337334
-0.33426500293294636
0.48817264975420105
-1.55204606001205625
0.13655420605485491
1.48392620333078473
0.35923579982844978
-0.01847930926557340
2.09957235596774749
0.02267975530215805
0.88339087860575494
0.61902967735384884
0.89207591999818248
-0.26183009186215711
0.88203787603878581
0.13388816182138080
0.42726621854034175
0.15353911976389609
0.94327350716418579
-0.55248830159962459
0.11400417161390934
0.06964868690918026
-1.54708906387836476
-0.15253845721501361
0.21342912914806619
0.18833966933207844
0.83651393077336211
-0.92483590298568397
0.65212028031078073
-0.45792792412344496
-0.76739488380635923
-0.81229105368279542
-0.56068191282672564
0.43354590587178926
-0.86246839995098401
0.49898898406854114
0.27737774598464959
0.40321354839732826
0.28908199142780017
0.05905006694137278
0.57260115161394631
2.24833336555198704
-0.19401981475860833
0.40331549181293813
-1.09559045282245560
1.02589429230337692
0.97365134295669264
0.61253060705836748
-0.35562700480979736
0.49428383831972195
1.40669359127665916
0.11714808849531815
0.56726167884309120
0.14814315813011161
-0.80027589606792315
-0.67503913766140877
1.48317799551944107
0.78372865183432416
-1.04843451760065043
0.79083026347365182
0.51169908018357169
2.55200131615809678
0.00000000000000000
-0.97843270737603338
-2.36580612177385952
-0.21550963066223469
0.58150601933632506
0.12496080498677167
-1.58120783173579915
-0.52942728334000155
1.02014469186075707
-2.05554686272442044
-0.76572475289019371
1.43293288576135103
-0.02401570045802285
-0.35469382971361424
-0.22900610242905575
-0.39424908023613381
-0.08586807424046330
-0.47802641959919068
-0.07183899323764295
-0.30405643100767232
-0.16094819408192693
-0.16753679618728898
-0.58917635245417588
0.59776478900051921
0.37351232678242180
0.56014318644482219
1.11737694724252390
-0.62656346737331048
0.50168183150251522
1.53908267345971983
1.19510526500740877
0.13633417326052269
-0.51858467892287397
0.69148407620049335
-0.65763195568118493
1.49726421497206341
0.28499721782734272
-0.33370147536393818
-0.78435808210685298
-0.80199808740334544
-0.08692847158396119
0.97868979399035116
-2.02140583114216632
-0.70414291524919159
0.10612363819062566
1.10640059197142304
-0.32943111689950005
-0.60776138110463240
0.11002381136746013
0.64034038370593438
-0.25187448207018115
0.41966126564134237
0.11544705797294026
0.73353876694378528
0.74069003267219591
1.07820699486747240
0.53406463402963711
0.25695268618059969
0.30395447115544177
0.20475845575182192
-0.34373986982096444
-1.15555835234197635
-1.69107353514193726
-1.11682412827422017
0.57960092326356172
0.00000000000000000
0.84520432419357328
-0.46860438234510660
1.91662300883227732
1.04933087857324803
-1.00907421331030966
-1.46970846524190168
-1.57690663958508526
-0.77695940158053545
1.22327185309329933
1.28570962408427536
-0.26492820107343129
0.06525705415521386
-0.75746754841224895
-0.86979693093757582
1.22284891697260911
-0.25839310387104997
0.70427546716953593
0.33801696917790680
0.27283791821780401
-0.04859441889981912
0.23593719697266624
1.44558798996353999
-0.01350247813635684
-0.62222172368417583
-0.75967316592248035
1.18591594161247293
-0.02861111130385657
-0.60586344647378909
-1.44637312853437505
0.74566203914331475
-0.93002092024139249
0.64487754027612487
-2.25912340200663531
1.60093420635100991
-1.26674143685203644
-0.02127018626905273
0.54427858922329875
1.08051850007657890
-0.51801799919508551
1.31889229790740803
-0.14199157184533334
-0.64391772106524947
-0.10033663946737394
-0.52139756719454311
-0.62736006306466996
-0.42643969523546243
-0.68295956641165001
0.69468283025011635
0.80657164711634644
-0.14643998952586504
-0.56576291944396107
-0.87193742162150123
-1.30979648376379987
-0.00729458423723418
1.03897019111192890
-0.10403376571639622
-0.59731500266999615
-0.65926355815816506
1.05527991547413547
-1.75827275624533730
-0.99995169263025829
0.13356701474104010
-0.40356415326599349
1.75857886177464762
0.00000000000000000
-0.77625672300048332
0.47533680932172351
-0.86214797187248304
0.02799466225375529
-0.44554265452059510
2.76496398663785792
1.51128625844816811
0.12822989823658726
-1.21821206348298383
-0.04392231204760848
1.25582553383800444
-0.78518083155393570
0.88582937924276572
1.17395401034920033
-0.97401096816124721
-1.12367966196374391
-0.52968690241745509
-0.47640886224575069
-0.54919166423706267
-0.05660640502380653
-0.31619884833000567
0.53347116899420322
0.27122440960864114
-1.45600263433644006
0.55113207474384751
-0.19042155946483266
-0.15759625515698975
0.63390664598557001
-1.55863852293307792
-1.10343161919466604
0.45025907351601047
0.83902797244021854
1.36990349538675082
-1.23941359780350191
-1.44043766402278650
0.30035755380037193
1.17508275855070310
0.12269268035964090
0.54389911149033654
-0.72524196360772752
-0.21000041751235185
2.33697517323288162
0.27472445906448023
-0.16980019530970636
-0.69032205235328570
-0.58534645491361414
1.08049999361288984
-0.21700628278389114
-0.75090752838130459
-0.43477749019060480
-0.52752333936430362
-0.06718021115072846
-0.73770519675163493
0.51462860817104028
-0.39725508357018957
0.50741269641432374
-0.47111673310095975
-0.13931076798971889
-0.34481536866080420
0.40701423291952110
1.03222814694976139
-0.28734275143131166
0.48201069658280216
-1.46120009868785172
0.00000000000000000
-1.05463293845831974
-0.81562758783131317
-1.98265121997412908
0.98148505256312257
-1.77056061236996065
1.80632220538325128
-0.33190747288024086
-1.46020091165143207
-1.40045800197709758
-1.80712487576818326
-1.27720575559808402
-1.00747182851556771
-1.06369631670673104
-1.13302050526038167
0.59194154676023492
0.69987374163096094
0.58837033735063415
0.31298266043713602
0.82485201410952358
0.49353930673281488
-0.94336084746759330
0.32980795408278474
0.70452399204903904
0.99403518727538176
0.04439840392467336
0.89945932214326463
-0.45555001339872425
-0.19469444556046506
-0.37390942980316266
-0.67551938782221965
0.28970821267241459
-1.13131072044911862
-2.21310619077971538
0.03995114491080553
1.54562390341885991
-0.73256922276648451
-0.13169040877717894
1.41719821169635019
0.56414548160616329
0.37973884678936137
0.09161359889359900
1.56390997163594658
-0.42786179328790280
-1.05287745497388752
0.17018173097981892
-1.67743496540112802
1.29174295251738314
0.89460880464423098
1.73947923042823915
0.26420854981334935
0.37019494535771175
-0.32313630785534458
-0.23866573594130905
0.50563017287124756
0.46089616223816332
-1.03114976501166167
0.27822849201499050
-0.69628772461762511
0.86313650921100393
0.50728346261509050
-0.18667197153920953
-0.11956782153025917
0.67182012676326608
-0.34512029670855204
0.00000000000000000
-0.70815381809221079
-0.10742792720094914
-0.82198862658088900
0.58274046050822581
2.08524203821959997
-1.67565614683205855
-1.30023225328483427
1.08256109549135737
1.60144379772111511
-0.14987599044343700
0.43994424479766026
-0.10735865033915862
0.01515347267192554
-0.46791475121251425
-1.31834381267214007
-1.33785226446602357
-1.25273146275089031
-0.59286542598628045
0.43356132317632767
-0.86699078754838177
0.59418665928428993
0.77856497220364129
0.26704784525104402
0.01709530700874304
-0.15532848332702295
-1.47241115519693455
-0.33659784531089915
-0.41623443360422252
-0.17802748707323390
1.00163566140481564
0.61926489790088646
0.51471726662981865
-0.19005520470446149
-0.42455920041391237
-1.43440885290242570
0.33944968216240684
2.09688446465975087
-1.49746142096118828
1.38360340974698137
0.51420365713948490
0.01523081011543431
0.85811128131472292
0.78045650596427507
0.42123031057913407
0.91558111894593774
1.18030200121046258
-0.74099702920864985
-0.98013879675753068
0.57297378730506243
2.18427000656351256
0.01737623863354137
-0.61046776185792850
0.40271997945304444
0.96145284715976165
-0.04565477343522455
0.52061055840828019
-0.41457947860502625
-0.02945660611427489
-1.67430074510660498
-1.24323899742353028
1.03469993115519721
0.52515653345725044
0.50337459674977858
1.96435236833508897
0.00000000000000000
0.13449108094245191
-0.43881752854370598
1.66934121768298671
-0.56194993923445480
0.23981333482935183
-1.34056433057522995
0.59162226475918889
1.04466202715028511
1.30674903297689049
2.66216938993926133
1.50738992555929108
-0.33626563179642788
-1.24843046115220080
-0.50843159410038108
-0.50667628505072748
1.34391421468238326
-1.05237481096120256
-0.11846088484600814
0.57900513377558749
-0.34674428140903341
0.96163266058934671
0.77530406920113681
0.42844408733040190
-0.78521135591413127
1.93313873254387203
-0.47230140137997256
-0.54600059125245259
-0.07699142019019084
-0.10877006879317949
-0.91695085731374915
-0.03679148987241068
0.12520377378713560
0.49292839070638417
-0.39951260931492133
-0.07048812567245703
-0.18375200761578384
-0.15309115936764267
0.80066630376144210
-0.11149393596400298
0.19720963402612823
-0.76146208911210655
-0.36940741960859569
0.68114335498629330
-0.61894400087666956
-0.35389805405497543
-0.79371151025849929
-0.57100759500429210
-0.64661931118124671
-2.28564461052724210
-1.04585964111858654
-0.01129932249598145
0.26963146845131719
-0.31336038356947277
1.03978881149236080
-0.00728994702197793
-0.52597287300174589
0.13427428786618192
0.07501400481972492
0.56360169297593032
-0.50046322229323525
-0.59171622701569782
-0.16900485418837444
-1.24386077343204970
-1.61503467094064224
0.00000000000000000
0.20775597763697176
-0.46157602709093792
0.79547331238977415
-1.01602454642131845
-1.04449102997459886
-1.50890314505762158
-0.40353181849152525
1.44337923408367130
-2.06485641341535198
2.28051538396520526
-0.44358090141074064
0.14728444935240026
0.47836020539045421
-1.79693990570322337
-0.37636747160368850
-1.70358057627738035
0.55343814154052751
0.10886924959333145
-0.66169613131254812
0.88113061777592838
-0.51828552190241894
0.34862757563437613
-0.98783321595973517
-0.47570842775293115
-0.08956473994629134
-0.61044650588522753
0.90002075355974243
0.00565969768335573
0.34278496387926038
1.39108220743868416
0.57022865430263769
-0.32191763553695524
-0.68850502137705660
0.03727575294070968
-0.35946670891669691
-0.57292008452483101
0.30980951667681328
-1.07114170189453195
0.29808563936078974
-1.86198414539250900
-0.67655245119296892
2.41281601080775454
-1.40150255269137691
0.53895109559415921
0.10112434392737234
-0.87078582704645158
-0.60673105167485841
0.08320549559041546
-0.16042566538628844
0.61293410383274394
0.36127020961605050
-2.58552854622898431
-0.40072297843725979
-0.74348478284820452
1.18227831790605831
-1.52234440938341820
0.51989467374233933
-1.08762494284979039
-0.73531382120089994
1.09327662243219104
-0.29494111773905130
0.95588193035262581
-0.52508975004361391
0.05776582116493058
0.00000000000000000
-0.77883750671643448
0.49897479965149300
0.86942748915257917
-0.58829272225109830
0.69174126869126729
0.37299852441498749
-0.36900739933899895
0.29864341396537669
-0.01367958912259157
-1.45485617664572420
-0.69486071990713894
0.48476975338436723
-0.45183623930355504
1.53401971178504715
-0.14961726955154567
0.14599705326611132
0.05671355217459400
0.84429069528306988
-0.07229003380377161
-0.72065884974315442
0.39712708264906371
1.79444252305889695
1.48600469867389062
0.02466895612147177
0.05705024117254483
0.48392033200768414
0.91955043978950302
0.75108433132782748
0.81052775191334625
-2.28334784043109540
0.15237160168450239
0.29937404262184969
-0.65439068939634792
0.26953254093842249
0.46566945345545141
-0.51967647111577508
0.13260856266302604
1.17633745807668189
0.74614508021274206
-1.32581017826301450
0.31599200048619414
-0.35757858013108756
-0.26100487958267549
0.10625610651833052
0.45832497500367742
1.09545543275759361
0.81297233847671102
-1.00473328858953237
-0.64529548890096100
0.67004695762097866
0.57307638817357798
0.16096517348610609
1.37600258607554404
-0.25190414582443055
-0.36230103434522526
-1.10515461597170783
0.95737269537635761
0.64188988999178986
0.10325262414073479
0.07965713861431424
-0.09653966122307903
0.53692835750948353
0.18694839053376552
-0.48100034725277818
0.00000000000000000
-0.36192406852552172
0.29745113786065391
0.54752269039476686
2.00558632396412362
-0.46086495240217501
2.30590727921817962
-0.22494386060960953
-1.42790592615344702
0.40308559143672301
-0.32801732564746955
0.26643598409881947
0.22390188429442079
-0.41747196166608252
-0.30315750421335669
0.49749228082981650
0.46199842890910403
-0.07158495146500037
-0.20754992008455803
0.94389708563913144
-1.30812899105678904
0.95442178166502289
-1.34783186920988807
-0.18125434786238676
-0.29546905317228384
-0.16022309546996974
0.07601217512351242
0.20712601592021412
0.51495422741780339
-0.44356385933342135
1.32195295952851177
-0.23258578496522606
1.27156333667461952
1.50988511240826440
0.74811360230294177
0.03256086814372314
-1.01039871888155930
0.85125907620417252
0.13099700816600968
-0.88829183096997344
2.09281644800393218
0.34692418140058157
-0.94582881857007328
0.85502863212624391
-0.01985432588539799
-0.00681953231643790
-0.01510603302498241
-1.11179059961124693
0.21115716788034483
-0.62398597315082605
-0.97613731734051545
-0.06954054377760541
1.53222463244811813
-0.48080126951558794
0.43734591029720338
0.09050112368089783
1.00856340783561027
0.22112790123288067
0.17359615145795579
-0.96866256604905943
-0.36702826158290797
0.63648693354311014
-0.34789423811426529
1.11590359959156049
0.80858775150719608
0.00000000000000000
-0.49284301958234289
-0.61441725911168854
0.95161432302343507
0.57060429193112616
0.05193651491553996
0.39872444025605058
0.71653467506104018
-0.91907126599467714
0.05991880572448777
-0.27173921324577927
0.08320406308877218
-0.68409247646020033
0.22658207293529006
-0.33764435364876466
-0.08541910038489482
0.18582560230394940
-0.82521341504372514
-1.68962290341681021
-0.30728610828216868
-0.99246413089119701
1.11855373795956292
-2.09308746565637671
1.56850798540102532
-0.40167803301012583
-0.21145095096730976
-1.09938381598650992
0.52391308003044046
-0.40023941885316522
0.82499639484186427
1.23632854071368303
-0.76938672090812277
-0.49725321825675878
-0.34323276182275692
1.42696880434103490
-0.81461034889902106
0.90824875821344575
-0.62306618901688493
0.87345996406849780
-0.49620566924988713
0.84655443585300272
1.57105297652391274
1.14766176184020963
0.13608950624876673
1.96036308276820637
0.04860542720066733
-0.42671477768460681
-1.32211248776519219
1.82957214429578663
0.74796244471461337
-0.12121758244260165
0.75329370452268474
-1.55502616909818348
0.86376213032764293
1.77012446004015866
0.33249087227876672
0.12066487085794116
0.35308858916728070
1.73461137009629929
0.96981453908408832
-0.21375871892587844
0.45531367328636951
-1.20793755308782647
-0.32350918604113194
-0.76906319805332923
0.00000000000000000
-0.60392486698761150
0.24266380619098990
-0.06244513886751865
-0.53805625039380567
0.86552975643885788
0.28274374956442583
-0.32356837619962220
0.83692451196183737
-0.50379771260704642
-0.01479566882456272
0.60690809719094985
-0.12768409142466108
-0.54566664424695988
0.52590469977792842
0.75036553544892803
-0.43336283964961647
-1.19110443206461425
0.68579954811053356
-0.72466743087272145
-0.72940051894668889
-0.87700371863289717
-0.34891475268689703
-0.89873805220540237
-1.08335722317160354
0.35457186336179175
0.41921626658682892
0.45110185674230552
0.45682408694882398
-0.41321993004273977
-0.66408324567828392
0.49086411077757180
-0.12252450497154921
0.80012629357841591
0.68528904037298699
-1.19573881588837327
0.55815571849828072
-0.72120790141508118
-0.23775963434582670
0.21611221520118670
0.55175761959239067
-0.58796556810957556
-0.14682958248590727
0.30312347128545869
0.17093385234710859
-0.62079792293054581
-0.13977093193070339
0.40392090893616606
-0.35318846986787877
0.13236317054517222
-0.29544715323835596
0.40413662995428468
-0.41495500964867726
-0.96468440805408695
-0.18584024139879185
0.69133442703940429
-0.29915782301086807
0.86520564472008010
-0.35982049538191840
0.81843512526031081
-0.16323029921720078
0.48667193886423638
0.18311899871666970
0.00778528143114408
-0.25106057844337970
0.00000000000000000
0.15722507397511890
0.96121298165459967
-0.71309335684613395
0.11821792547748174
-0.49084200791999394
-0.68354952398843027
-0.87218209426783488
1.40846944823862663
-0.11942232765156731
0.09756048102906939
-0.62790996459616766
0.10038191268240182
-0.03769511027786444
0.26636972481016236
-0.64736282611282014
0.40822441640191998
0.99396603239751136
1.27069587960751229
0.01489329682288819
0.55350903643014493
0.87412459895165318
0.97257095703762986
0.12501245197960512
-0.61260603770433797
-0.19180206389572127
0.16417030907407559
0.18723390457937822
-0.13674442148657626
-0.36412028874383912
0.25078186017712284
-0.02224072366966812
0.52529313540786815
0.61688847192125273
0.35274634415926009
-0.65825649521201313
0.21195950138108802
-0.07146928170451888
-0.67940985591133440
1.11076048123851034
-0.83883934405858795
-1.05797053229927429
0.73411307708632512
-0.34752370427066953
-1.79224461341421781
0.39637868084187411
0.52395515801749326
0.44346119588734684
-1.26738974442818408
-0.51671160782623082
0.04189361301855241
-0.84732777864523123
2.02128946642909924
1.16475104411623565
-1.88013629302625151
-0.29256064768386880
-1.47142857326359344
-0.74754493428389002
-0.52614167174769899
-1.01114037915543076
-0.24427463047153755
0.70479198518611952
1.19136002161515209
0.12514546377811908
1.28006088768254678
0.00000000000000000
1.02681860852964979
-0.30840759977958704
1.10951025844813778
-0.03012187651988596
0.41109894088939447
0.38824718023794269
0.45644148893026615
0.93134883855623174
-0.82336911208577090
-0.44156843742985402
-0.33575384660815255
0.15456267908076468
-0.21841648745442296
-0.82253505122367321
1.41614125041443817
-0.65466245244150911
-0.03533396768081718
-0.54309740981673549
0.07903972555213869
-0.95248348273004046
-0.95794740447709736
-0.73543638421359214
1.00072163203820574
0.81384213183167498
-0.55727289883980857
-0.87702456113970240
-0.11140611361824641
-0.91508502627763277
-0.48802527926348271
-0.13437848189183971
0.68731689516320771
-0.48246723921946821
0.91511859113532013
0.02814338276758419
-0.09436492375176056
-0.44053177351188011
0.37071771843509488
0.27972397083997530
0.64604847748846383
-0.11222070786331750
0.47605494229225070
0.37179399676102609
-0.11484233716788690
1.07884113708004570
-1.18275649466692756
0.08134805078506667
-1.43930690317281385
0.00151601098379387
-0.88777942453230940
0.03873763794609322
0.53690549172309543
-0.98203242040311434
-0.55979116267096762
0.21135583457531384
-0.32892462264461714
0.14614820192223427
-0.12026809821324762
-0.48154602566540727
1.50358252421773431
-1.12297268646817550
-1.04318627917920503
0.89658813623876099
-0.50768298959448332
-0.21906531020314468
0.00000000000000000
0.60723564296393651
-0.22639762751415524
0.32096392225683046
1.52125905929069094
0.27351259579751758
-1.45165028348510017
0.79366717340976523
1.98493330324692097
0.64843134276846981
0.61769085117523026
1.11883606304296745
-0.37877757631581288
-0.48980475228805448
-0.96793987881976795
-0.86539156503431935
0.75645015024344342
0.56628521367414253
0.27248050236539650
0.00775586228488230
0.87702277269919260
-0.28311778732645154
-0.11298903460857784
-0.06480995419648321
-0.13497788260486393
1.15808133937705171
-0.39072261161060851
0.20945289037865270
0.26685100077315871
0.27742214468870796
-0.91542813377580556
-0.70343536041209154
-0.53999322760244572
0.51606156509931933
-0.79615129915557936
-0.99479087259236620
0.09591652803852324
0.21466197706399490
0.55039974053069929
0.27603276815062916
0.84771144694827771
-0.67600395630605559
0.02165174635358683
1.25124724841262647
-1.60639855412674737
-0.99383361251732905
-0.31730623853298418
2.13089001886470530
-1.41045276352833304
0.27762151642663330
0.76228044198436218
-0.49988440588196964
2.73429167178897270
0.01362441090835688
0.48733433141876792
0.54891904361977706
0.98107714155036418
0.23201654208516742
-1.34151498763084454
-0.39700154499483503
-0.48599189592588121
-0.58508299003689945
-0.30558237532501309
-0.83741317174201690
0.50147585744048551
0.00000000000000000
0.98319732776005486
-0.36142804731143741
-1.23613432324313410
-1.37410600927158799
-0.17669762194571600
1.06284319663036286
0.97381826029872931
-0.88319719198721236
0.34591516415056356
-0.74179529400715016
0.16309370295144049
-0.97076470066359455
-0.89365487127027243
0.38569656209248132
0.07021035872456495
0.03434092354560601
-0.05979984828405710
-0.38412039422695449
-0.02748795278983623
-0.14200170874604967
1.02144900252226067
0.50123507312400184
-0.68987820405405664
-0.47851143668528473
-0.10105056931314295
-0.05015730459728323
0.21896642018778356
-0.23016106788776697
-1.10573093121648025
0.30541473216052306
-0.09789489548605274
-0.65773954444004790
-0.85145654580393004
0.51073844631820420
0.16151671198133893
-0.42059145923937979
-0.91722482373953385
-0.36310754129070838
0.03029594178963473
0.31227843428687407
-0.85396585610656595
0.83268094834604434
-0.47340776162453241
0.28114978785406602
-0.80973333931814162
0.35121068127696625
-0.71544208583319668
0.29397476167447528
-1.07884559881732844
0.32027846997669929
0.65300354620111767
-1.47136276938373300
1.22464098588276693
0.61340303154157816
0.59276352220614636
-0.37316468460866198
0.30961195333482605
0.65365527159207526
-1.46683958278242010
-0.72780880341892484
0.10493733105848942
1.41704776754443684
-0.70481908006012006
0.92872566795616451
0.00000000000000000
-0.25326071397879163
-0.38559072312617571
-1.85249426474042922
0.27275557947847073
-0.03899003487368656
1.59379997480733349
-0.57109754042341243
0.37682433135631421
-1.20183671345004095
-0.96740212925791258
0.19623708877108675
0.10204550184435222
-0.19214461500536897
0.30902255374633125
-0.87463620318490376
-0.60118416017296894
-0.36513641462349394
0.39519720788391122
0.75592903676059919
-0.26702406535888146
0.06249030376928855
0.60073489420112924
-0.76444841410962083
0.00671909730204906
-0.55802558961157323
-1.34643356079874721
0.03005269808108987
1.23976721592471528
-0.41029993028846895
0.19445257455646953
-0.22454840099599446
-0.89873389896722644
0.37674041665858699
0.58739308865742779
-0.77100236530259614
0.07775424113657474
0.52830211072227562
0.33898618143148573
0.82937114393329103
-0.19044443229450944
1.40500975218583268
0.46842466189954585
-1.58864586990774370
-1.51624108004913793
0.51449976567019051
1.78843878911962073
-1.23480210605032092
-0.85258033764150121
-0.89919274109473057
0.44992443760195938
-0.35198268163761254
1.27374737504114099
-1.43752317558566656
0.59795901338314039
0.66548015886157019
-0.34625854245564258
-0.33950817269378253
0.84668300186821865
-0.13867522803521223
-1.71429692778544474
0.99238460775038162
-0.25549111376654327
0.09348240708790849
-0.36418895397250184
0.00000000000000000
-0.29190996992745188
-0.92367313858031430
1.30145346593080147
-0.28092790875691692
0.10854240060387976
-0.18109518548023851
-0.35137196273198334
1.20445951826347875
1.35519382119286647
-1.65863352608303050
-0.01040108641782522
-0.68093081177167636
-0.67398928626960153
-0.86110009978549906
-1.22576294478473180
0.08178715674089868
0.36707567243573502
0.37691151993842564
-0.01251410937533905
-0.54168714209896496
0.89656533562347906
0.95152061690566825
0.94777763525438141
-0.14355627382650435
-0.35341848502211443
0.18717042732442857
0.21046840677867026
-0.50594797090047505
-1.44358347537990461
-0.19068027896748616
-0.29989486006348115
0.70922476877005725
0.26123464456866169
-0.54178638126981715
0.34616599130807202
0.56819676138453201
0.83149833842785847
0.63825299807304292
0.55496223810650258
-0.97540419821057556
-0.41953423283438529
0.24293608679832279
1.09418133157595499
0.75719162391517270
0.92318215927505576
-1.87226557097216362
-0.19557044451479955
0.58413170249830793
-1.26000393094178365
0.80719535100085282
0.54397068061551601
-0.71318888857532980
1.47278497652465523
0.06936871228117891
0.59342427039305690
-0.16512808367142098
-0.47147274012991697
-0.34703797184873963
0.47628274211152699
-0.29382530767829768
0.46356207005593303
-1.33197106935153831
0.27387286768187047
1.30495415206274745
0.00000000000000000
0.48833860439898169
0.47363650339645802
-0.76796091875290151
-0.03079772261314429
-0.21813335908146120
-1.04021596949352912
0.02051299558940069
-0.73120669484454126
-0.76513454061152553
0.90150401948822456
-0.86243924292702268
0.71636244575651042
-0.08259098479411033
-0.01117304221458239
0.61973156644053473
-0.73799271145830281
0.84359674214972480
0.52871040261275370
-0.39928066481529895
1.61101394701244249
-0.57078242566670889
-0.27636753262804176
0.76504257031854539
0.82663661469997651
-0.16731606998046145
1.53230143072785818
-0.36295187830332926
0.13849343859938365
-0.99959418642626563
-1.01807620325847359
0.21472799593047145
1.52822154256360099
-0.64969951120178115
-0.17025313367350495
0.58056660485040668
-0.83804909300540731
1.19859638124129608
0.22815209248651189
-0.03132011073494964
-0.76053491102707560
0.36062930718758096
-0.04235625815888713
1.04419692524243590
-0.29544662353691659
-1.56104897381892638
-0.34060118224394137
1.04721544070043282
-0.68935547217730997
0.96113964312218081
1.02075246358218608
0.38933513751084686
-1.35380098994646780
-0.20730539799633829
0.25265622987018171
-1.91916925149708906
-0.33091552498357762
0.40516980979376827
-0.84021686986266220
1.25695925662605368
-0.01533489441149048
-0.13247469331925996
-0.01355356984728670
0.16994936396389376
-1.09669187181803651
0.00000000000000000
0.20887036128714329
-0.90481736655013634
-2.69465532003084451
1.65991398989967909
0.44097946618505496
-1.27786736338749329
0.52835718190813108
-0.22544989223972184
0.56715534630094755
-0.96653513096682586
-1.28296952961501565
-0.03799546399558050
0.49329190144540230
-0.78646423375886820
-0.21224620864761584
-0.02947066943283784
-0.43763124200925074
1.31059193389970208
0.13948680790169954
-0.44212447185381309
-0.00939015293307339
-1.74851055980222836
0.26127253413455126
-0.79217517907475343
0.30433791680296474
-1.49531904731245202
-0.83272316960518167
-0.69174153484513268
-0.03556746242795742
1.37392313284076084
0.83883479313061271
-0.04179041798226962
0.72160822912169365
0.94052367178324214
-0.66252986217728027
-0.60492790489731341
-0.87234811861706907
-0.59183297250184319
0.79038370745245945
-1.10805608714551407
-1.15357153854280803
-1.49230060180985125
0.59243070816875565
1.61110965700455178
0.78822208280478323
0.22660844373092504
3.64914715737474582
0.29173563566051736
-0.90839457947335811
0.18068285915481669
-0.24652801364180449
0.63538518154156376
0.74295889457202846
-1.61667280054769780
-1.10975337510505945
-0.71314874271930018
0.18780345414628299
-0.80553702585066556
-1.38750855595163158
0.16372859542136203
0.72241850036019806
-0.81176617122825423
-0.04898024062114896
1.07551168259715091
0.00000000000000000
0.12703547023108550
-1.26043164612614755
0.39340933059433025
0.78849199582406237
0.83852928242489289
-0.16509918366417894
0.01504476934152104
-0.62152142455132708
-0.57971081875891872
0.11787282802728483
1.44829519010940788
-0.30143103902124546
0.45358766362999120
0.25849587895152404
0.26222111058209957
0.60677365502125413
0.70121004643996421
-0.92056205223451926
0.29317765589361922
0.68979794161479502
0.94708273993068626
1.36076181490957104
-0.64727771103493903
-1.59934137701992451
0.21260404186327320
1.29701189171272313
-0.41349547497582667
0.29303038548404631
-0.39455601449129979
0.38061882920511464
1.15956407888206514
-1.31428584267924831
0.92505549102844098
-0.70881193780146501
-0.29049576342790995
0.26562643379316336
0.48346856884077999
-0.20191016976549422
0.80924097285967567
-0.36985925726343277
1.11368783971811713
0.61077579728858111
-1.12797125979304957
-1.46803889686299005
-1.48220044706546372
-1.73049777036835928
0.61539885970937325
0.96099647246025865
-0.31701564341782096
-1.24240986616901461
-0.12668926666626862
-0.22536065293518662
0.52799060029018086
0.58724639237354781
-0.41614048520673885
-0.32027601728053096
-0.02227875240037347
0.38992559579101521
0.70332046993723607
0.46884306547283627
-0.22986829825896171
1.87577187057284700
0.62039832808678741
-2.74843233667892761
0.00000000000000000
0.70442316292895935
0.36356116335626698
2.07910123655495216
-0.98757281179862166
-0.31920729061348180
0.15889868107786642
-0.28787799158578220
-0.05473243622763746
-1.17272037266203677
-0.66543462747860660
1.09889371766657429
-0.99124744068780202
-1.39198426017573973
-0.36659010432082628
-1.40843835282249152
0.15783657427769107
0.01246834529847193
-0.34253222765324387
-0.69576681610959235
0.07644459876124240
-1.08756754065289263
-0.93129135545477659
-0.85897020510070843
0.50037513511182197
-0.21769414994674280
0.78027189378396256
-0.10496617575900853
0.37007779010614600
-0.09644767511997532
0.02868929356885542
-0.21474512657606776
1.15834265223162047
-0.40830594516633900
-1.49485704130960029
1.55133930045063173
0.68007869499331963
-0.38466089597891412
0.97159016875769877
0.04874014775929147
1.21481129613149386
1.71976035231697333
2.73999657220380888
0.20746254397422564
-0.60039177110887765
-0.98807558454209410
0.75994634897490421
-4.06190574526848458
1.08558009223519880
1.81513019876571402
0.13967208613866477
0.00393773652295769
0.69317484114268768
0.92868903075840503
0.34922923289179003
-0.25100829384686474
1.02583180307076671
0.00078802135951364
0.24939962778357369
0.84754294141635844
-0.14156246233266223
-0.91441223113420866
0.21041572248693294
-0.83486807344270253
1.23940367354724601
0.00000000000000000
-0.83817181242217520
-0.15653437657991023
-0.15424460095405151
0.09761761343674880
0.99623061836162263
-2.20006453981172179
0.22539939839030435
0.47449581505949495
-0.17353159966632575
0.10751501315206125
0.30926538835971651
0.45043169257652460
0.66546389478290335
-0.45161445803953265
-1.74621980604175997
0.85921091872626099
-0.16043683605605957
0.89717285700156124
0.62917271446937895
0.13759531140954070
-0.38363892750498613
0.18497726622124475
0.35655745532714617
-1.10654022688162090
0.98072501289812131
-1.10019660618233961
0.38255439569286470
0.12438545882283433
0.55774341539471606
0.69698397454784700
0.05024225733106424
-0.45765722035669548
0.46386120391958430
-0.05355497679090920
1.00236658138191692
-0.39454199003759988
0.75619211705511313
0.37228716148991592
-1.10895385348840336
1.40933619949858469
-1.16683041247340702
-0.03574078276670928
-0.89271284678615204
0.23874649021092209
1.49920513413869183
1.93551470725254426
-1.18236546514320451
0.86735334626311822
0.98353447416912698
0.47134449990424321
-0.44720117582851937
-0.58428746287548072
-0.58458965628295645
0.11064183174554972
-0.63415547906944414
-0.56624209172105111
0.24214324012929297
-0.42468284880119389
-1.33941879648219775
0.16990446927734010
0.06926285789999015
-0.05757389498879279
0.06666726738615066
-1.44066892812833114
0.00000000000000000
0.65893403553888896
0.20554759737133205
0.35275906038233606
-0.40337099448929026
-0.02339260333785786
0.41323527801201876
-0.06861990639834627
-0.10338776844467468
0.53905096439204647
-0.09473354758116997
2.30136367259736829
0.76000518015350793
-0.48388855212611948
0.35299779417456123
-0.24317999082872396
0.71315237008212162
-0.51635329949097852
0.10010570161473918
0.89183608980672713
0.54715682972705326
-0.09594992129309718
-0.63151642137376929
-0.09500867846914880
1.64248112576149929
1.44678443682167268
0.21552644893000880
-0.26677793006446082
0.54605963931216406
0.40792019627507003
1.24727444252343100
-0.60899643260428471
-2.50157583050109533
0.10829489592624536
-0.66046473959610885
-0.14739865275899164
-0.57450514928149254
-1.00361068188917346
0.68640473647681099
0.65483752261011785
0.14246540853290121
1.09846767618037733
-0.74099916641983288
0.77798373957529365
-0.10373980101746851
-1.43469096127447915
-1.04298476823731656
0.45505541533592392
-0.41529413780168184
0.76546682212664863
0.76762489263889744
0.46570323451767337
-0.08760133527982653
-0.48851895371002668
-0.34515594786335707
-0.55871634056828023
-0.71163337467712229
0.56660647396287900
-0.02480889703377646
-0.86227211948006310
1.55024086618138091
1.42160452606360765
1.39929228247723314
-0.95482149170487085
1.02665638516016000
0.00000000000000000
0.70458796026621562
0.49987334672885769
-0.62263536675221287
0.74166050328091271
0.39352098959276105
1.02176890370634577
0.94573313233371037
2.09613595564570376
0.15894277817965305
0.23760298551121359
-2.79486745685611426
0.14548193057405875
0.39318971933615959
-0.91248562196889438
1.20528651644313589
-0.13571619600344659
-0.43291212607280416
-0.29982879231297760
0.86754008818126371
0.31910950182741427
-0.14300885214324488
1.61841066729954886
-0.70568932373140758
-1.48865613781870554
-1.16269832212545721
0.45192210744143940
0.64226124115198580
0.92527289587775496
-0.87473190521090949
-0.48728843699773028
0.12771846833476663
1.98766999733963234
0.66039603574102956
0.47504898318797301
-1.16841477583649977
-0.67630656341179352
-0.05760597799493041
0.40128124656419106
1.07473393378012916
-1.60131018254981750
0.36795738218290697
1.12128506194795374
-0.12442023104481899
-0.24711123099728299
-1.71928255922762507
-1.13609673341557826
1.88859079262387075
0.36768524432083161
0.04499263006268688
1.15155934204931976
0.15326815961929283
0.88985524133188953
1.12579867067372885
0.71674496929588905
-0.29535876803710415
0.92472827417672021
-0.05494932795987809
-0.53940536089069968
0.12270982875913311
-0.11073883870830492
-0.76786257408036340
-0.94190501077050026
0.96377962134899087
0.81145640173063105
0.00000000000000000
0.16310232572292815
1.54776138262666318
-1.16593735783650021
1.38650282580382922
0.02518674101396052
1.46942875963667130
0.64171254420430413
-1.61963588564812722
-0.01636595015811234
-2.76840941698089127
0.08521041681362056
0.53921006500297397
0.60552335963318871
0.08196862921284848
0.31011845556669349
-0.41884909475062543
-0.66226544368302998
-0.50112721941525140
-0.32693815019856015
0.17871333863990896
0.89871467715267650
-0.93723295848955623
0.36694167325935412
-1.15878963396022905
-0.93097820125515773
-0.06486204748016307
0.50933643756374558
0.81787223144693189
0.10956283527375987
1.90145554427324526
-0.54077473908879381
-0.28381166344161685
0.83790981337086778
-0.28919340226868456
0.10046360852548016
0.27197228569913251
0.57022760177739895
0.28854116793274220
0.76392134556220814
-0.50439844086672592
-0.12623522132110698
0.20548622962492780
1.06237715465085669
-0.19715188945712958
0.09817314111680417
-0.26574407941512862
-0.51400824828944325
0.41321379166834826
1.47960177315661356
-2.68184153933113345
-0.55466116676518729
0.00970261846667222
0.76536339204707415
0.23235910401628060
-0.02765706860830345
0.27210202459753308
0.08025981138818791
0.54358423175641069
2.15866445184013411
0.65042071957301806
-1.03747319844668051
1.06687125900534241
-1.50119921825381675
-1.14127970789494348
0.00000000000000000
-0.77633251960147842
-0.09929188672849076
0.48297593121524107
0.80858441841550854
0.30883602229054924
-0.02045501998620482
0.54955722496697268
2.55067273670986872
0.48686805888545853
0.51556447831122310
-0.60536168419920955
-0.54112662832025471
0.55219643468593027
0.46988440620730143
0.31542940302965505
0.06882380198194155
0.07766536371113020
0.50403360999481395
0.95549986282657384
0.05237496060496673
0.08801248073493211
-0.65909926107417383
-0.67541046810026906
1.39209302421231307
-1.24593879997229218
0.12342302826963894
-0.06759509215031104
0.93142683704120666
0.56144460828022102
0.94035632858522067
0.43319338647104799
-0.24770533036158870
-0.69406568907083654
-0.15619430128296791
-1.45653253008048544
-0.68909175304765213
0.24214920764455791
-0.27025568856367904
-0.62670344662659105
-0.30026595097453412
0.10433604840495814
1.33597737902773495
0.47494305962590599
0.06411492332211277
1.39603419894600456
-1.36015082282674893
0.78743981836981392
0.72439716826909617
-0.27751223881876685
1.30285055004007089
-0.59887246273220474
-0.35682738353566146
-0.67451887544615752
0.34084761488305332
-1.77617877251679612
-0.61990206901245659
-1.09103689675853577
-0.61826959957178851
-2.09964968858578604
1.18336655330587748
2.10210459154347218
-0.78132667024303248
1.34052775877339725
2.00402103954724131
0.00000000000000000
0.48083504055609205
-1.82426422423081580
-0.01434098922094875
0.01402265222221971
-1.00750670611251714
-1.08052490769953824
-0.49524388370670375
-0.17771039643398301
-0.68488001423746481
1.34129152863100787
0.84291383394577757
0.67067757692856533
0.56630137707412498
0.67615414924295825
0.10373887088850380
0.60427340946808972
-0.20813606925918887
0.26229883201164800
0.68291023039269894
-0.04183915399736753
-0.54858588307352674
1.47938450169124081
-0.34458323755756093
0.03157513747902486
0.53133523899047386
0.19541979860861977
0.97890541055898184
-0.90861791590808516
-1.10758175120722036
-1.63522869523953474
-0.21277630202395084
-0.36762065273234684
1.25083204043968510
-0.46873057821816716
0.81209110785667493
-0.24505176549580754
-0.08383127581727691
-0.79831824595214507
1.28447442999898698
-0.63886263368010821
0.95022594919115899
-1.45501968163016127
-1.04292972058321332
-0.55892387171752311
-0.51910925461115986
1.46676486262621553
-0.70994334423802108
-0.71403311866238706
-0.45104979539627238
2.56090766858546148
1.03991064454203941
0.37486475261667207
0.27511474951508186
-0.07506471744972064
1.08369026488523956
0.46659821811357005
0.43926041412176875
0.64169131327546425
-0.78547424692743284
-0.92866922505438187
-0.74424109690515328
-0.15766664273955661
-0.81807769437597755
-0.45321933585808744
0.00000000000000000
1.03377474665550828
-0.26312050751636418
-1.58594456263749151
-1.03041497613571620
0.02052110056484708
-0.17438142778457405
-0.91130156692508835
1.17517469864996005
-0.39518482046706938
0.49325579296872241
0.60743749419629400
0.54247099817875166
-0.56608658950467683
-0.44727150575045810
1.32165945873351331
0.62704243419219019
0.23041658292426334
-0.63672863537056101
0.30670693327451082
0.24886849663759653
0.43738293428354785
0.46589177715745039
-1.23159862332924175
-0.46112138800929814
-0.40690022539367893
1.05383112403044543
-0.29778593545295429
0.09743006290470690
0.69112759531236567
0.82726980713742981
-0.05862615889132989
1.16085585196890362
-0.28322781218535031
-0.02287352066366486
0.17706712655571519
-0.64845222773381384
-1.00045901619635313
-1.06168922932083798
-0.85771877538769126
0.28603277863186227
1.04774399451010569
2.05866517827745987
0.64224074535332254
1.41322606936733464
1.04968651079884756
0.99436309573320569
-0.18708988806354096
-0.41515428668350263
-0.02528129545248722
1.76091721492428688
-0.33653779583123516
-0.46996730648267487
1.65258190151366979
-0.22098975755520237
-0.23494490455103931
0.41862519888586880
-0.88549190188034210
-0.09404194245845723
-0.37484797931723646
-0.96817823830251926
0.48095179585284920
-0.44656880613533123
0.24598174296402694
0.10874254388230620
0.00000000000000000
-0.43134540948543548
0.19204583541741815
-0.20373808149914682
-1.52135471447465820
-0.63911831847923839
-1.78314837437955154
0.94200044578411024
-0.49413338053320305
0.00588278751844306
1.08096097803112201
0.74960105646221742
-0.07246612798414094
0.19049491671478713
-0.87347462217399807
-0.96226536219761161
-1.11630467969742364
0.61204249969614677
-0.41107855978190527
0.15903919008978248
0.64159875814938605
0.07406674251261805
-0.95037012541122912
0.46294080749265870
-0.03868134891406703
0.23514728495816553
-0.00703661022905439
0.52758786373465238
0.63615577646834054
-0.03959701163659447
0.29587975189992899
1.03392305880036539
-0.03622815959951250
0.07193623884586459
-0.36547160803629974
2.02348109333942627
-0.51713832138608129
-1.02315661732674967
0.67239142535963226
0.86479631861520834
0.30144720258116497
-0.30676896860969305
0.60327605721588429
-1.79501507396331172
0.56918952786626520
0.64004240571375215
-1.63208769855833125
0.03908781223889584
-1.51043645443791408
0.20927750705821610
0.53451984770132954
-0.07799545647703754
-0.29911203397915581
-1.03112052940342935
0.27463077091181060
-0.11030980753439859
-0.32073991751472319
-0.90039434860861811
-0.00070636382869664
-0.36288507751772892
2.02960121708943753
-1.12093670704363091
-1.03838062766108652
-1.02221944478605264
0.05243667052942857
0.00000000000000000
0.69515890097953192
-0.04739502133916549
-0.06037405309679839
1.11950970515518278
-0.83325481936001000
0.09450074272864402
0.35056948904583579
-0.59219809160694381
-1.08180977044821347
-2.11530236010135830
0.35108942668039295
0.71367015232642039
0.44178364978874191
0.88145447427198587
-0.99017698107724894
0.24875604313416419
-0.13337514156080260
0.37121372057506574
-0.24274361621617188
-0.03546109808776868
0.51281269649874617
-0.00275879422069604
0.58320921493709021
0.20029272066247261
-0.59277776180965525
0.98137474274027603
-0.13457766535403701
0.11683177618146856
-1.20789542084681711
0.27897238596277840
0.95196380404755976
-1.20121999216785058
0.30514760591311146
0.54638120164126858
-1.94929006108382064
0.66808226769970391
1.34771115869709535
1.41397546839345956
1.15148952042668307
-0.83682196937899178
1.61034999762165221
-0.09867085336049626
-0.84505904842714419
-1.27417030229157668
-0.69935858597726430
0.14604467749239497
-0.77075893392705641
1.32379097207524077
-1.07669487311014400
-1.46416941306855941
-0.66095951454783830
0.69004532589660994
-0.26346687762968740
-0.12635151631002764
0.96059180884166739
0.42086320176457059
0.32778158661037649
0.17002443407175727
-0.63124053163697480
0.41604972672130214
-0.27512486408188352
-0.22358511382421617
-0.60550196596956796
0.32397175696700858
0.00000000000000000
-0.57890326729656605
-0.89749980352845515
0.18434336441034702
0.54669823995294509
-0.80279722731223990
0.10276999448654311
1.29592645871871048
-0.49414771885137748
-1.35639933692954573
-0.20264663306290670
-0.15854617964862711
-0.99022668026785376
0.58655699032516884
-1.01619102214688772
0.42712431002448370
-0.56046556499734101
-0.22678642146346434
-0.13252758285716743
-0.75796283385299879
-0.14766672744181267
-0.01602854070356994
0.22641167423303835
0.17498879317489291
-0.59651798552987834
0.09324836769633955
-0.87597760686416715
0.55557692492701538
-0.78629948873464339
0.16188430706868775
-0.41878019679083994
-0.57484237050410902
0.98990525426076259
0.11831761171338513
0.89281246502395051
0.38554813304958907
-0.69350959727429040
0.45539963105845793
-0.08003324295041486
-0.42684096895306201
0.26151187669918347
-0.46332682804998188
-0.51969018873199291
-0.10788452388017195
-0.11905830049082015
-0.28878417920034599
0.72462510585231366
0.44001577836993278
0.18969677623799469
0.67700371123043490
0.80722162729505409
0.29524264527584670
1.11198957683340627
0.26224007172122560
-0.86628128353990275
0.38329592340422719
-1.09471733079023870
-0.97310218073477361
-0.95526301611215569
0.10320658443435309
0.42840743924285840
-0.67377494111161373
0.80374587170027445
0.00866237513318097
-1.36402485078497016
0.00000000000000000
0.76819460219946478
0.03903876497522046
0.18432279156923512
0.99890881389169806
0.08589210093953878
1.15196935032262915
0.45618478234363791
-1.19189743151779748
1.08310229387379642
-0.46715227960295358
-0.14310250265570812
-0.66621042116946194
-0.30781456624063297
-0.28672867718928530
-0.39833962046532917
0.11358562775355885
-1.19903059823771430
0.63692031432641494
0.67090210061212918
-1.04451664847543624
-0.35986677704244840
-1.69145417281307853
0.55639892034908411
-0.47918964170594025
-0.37556236023505446
-0.97673963143964959
0.45212864435268324
0.02320947078515285
0.41489956490450963
1.02021143851591667
-1.70121802671516287
0.20132878187271283
-1.01107379097193784
0.45649911365212126
-0.02577202702346513
-0.02906811659719516
-0.29883248412436109
0.82769161592687446
0.58018110327321226
0.38008436975979737
1.73628385896288351
1.48962166632148563
-0.02237125657098581
-0.62225418103013941
-0.81577281888246489
0.39268033444867423
-0.87770835460340135
1.57171178149227053
-0.51268940373901783
-0.01126212865922908
-0.06100218736158042
-1.62671873458420335
1.03398465406610707
-0.01904649282978347
-0.72851221812279154
0.88647458471143714
-0.22564886708284704
1.40031655277319445
1.62282480288377129
0.69119153584173998
0.91964235991480159
-0.55944067152793264
-0.12797833777666148
-0.08455367586778235
0.00000000000000000
-0.11013440712018283
-0.19861085532189277
-1.73299955177012777
-0.80245043834119401
0.76953248996561330
-0.36571662458853949
0.24140106814210777
0.94634236205536582
-0.12245011762325261
-1.44435680773596342
0.60551043960303952
-0.93867591079147328
-0.28404919777919496
0.47386587714199901
-0.77171768142508768
0.93295679556365252
0.40471073978729988
0.01633670461484904
0.45960218924709412
1.44088169811760136
0.54037843865602564
1.77914697589774340
-0.08823332069194112
-0.33145896345917070
0.80747552324165273
0.30969660780524627
-0.01209475188350017
-0.26809172719302610
0.19521755019118689
-1.30817309655652969
0.61575803513353033
0.77251441791155828
-0.39771776832190081
0.78285801381592945
-0.62193274778560403
-1.09577476928926121
-0.15983905836283333
-0.08068448639612880
-0.14847869656201149
-0.30722774938363712
-0.47599856919733702
-0.45126787134298540
-0.53719882580254952
-1.10541517324867367
-0.90396045848608109
-0.14995893753611081
-0.63198150927061048
-1.07032717906351538
-0.53307470528059897
0.94247570341070164
0.93197265731379175
0.79154650891324374
0.13934680149064116
0.28216712145608769
0.66701700964725430
-0.90702252138129025
-0.77294597988064095
-1.29540865044580822
0.14158749549642197
0.63421354828911125
-0.43451597579052620
0.19212233221734670
0.12122812709741229
1.11083639568636294
0.00000000000000000
-0.41912072193177285
0.73483462166350877
-2.56240767087938837
0.60122003549089842
0.41548715445943579
-1.26982637997828363
-1.01281577055954197
-1.69500598929884738
0.93882663463038130
-0.40769579868557815
0.42003745587674052
-1.15903748286143382
-0.52021259537611264
0.48917896189385962
-0.14292454599059537
0.79114128085827762
0.87120244631965504
-0.29979603403248511
0.19830103005938265
0.10024383741898572
-0.29433137744975862
0.21047017273239335
-1.13605960779154302
-1.09388750568402804
-0.99428782508789459
-0.03354781476021453
-0.34927854787170071
0.47473983862014646
0.69666853653301053
-0.40567710585433053
-0.36087887851028283
-0.09258282179831222
-1.11845749043336085
-0.23867464726784918
0.56997222391600355
-0.28005390036515054
-0.22339063870944270
0.13960831125589851
-0.26923673812038001
0.08271537744177791
0.42607625766949875
-0.72555322292525803
-0.59554384060456100
-1.34114940251848713
-0.45024691361441554
0.24616892106432570
-0.18837790313177899
-0.30527309707702061
0.26302917913589918
0.12987630677761872
1.10143037854163062
0.43454701033526477
-0.02569534731983934
-0.33804419434239519
0.57582988780429456
-0.14181966192430656
0.13229432689184567
0.42386666007680890
-0.64337632686868229
1.18434404414116456
0.60497424129604649
0.14652043166077242
0.86650206550006603
0.22205736738705983
0.00000000000000000
0.17234242854423984
-0.34689181282374765
1.35250441624469953
1.38049129098464540
0.98728120745031633
-0.17531586579606553
0.08617983416119604
1.37784378077625824
-1.19068384828588458
-0.37861025497982764
-0.34189085535757974
-0.44620604393253360
0.26773161437960252
-0.23346862542333460
0.58349685968387666
-1.58918557284361550
-1.21544451486272154
0.79996072435638621
0.54912257801173348
1.32479685222805377
-0.30095509861575431
0.27785180711442636
-0.23753862138245307
1.68732863409811129
1.43147693003748588
0.66159125387663864
0.53261355994927517
-0.16031881589763805
-0.96253791464225569
-0.55903442197377062
-0.78711844580258794
-0.01338371600068054
0.62359725429357027
0.29536817696775103
0.03735155310724581
-0.91822430364237018
0.66863859097442502
0.09031402597221413
0.84440445446235368
-0.05102746238486631
0.49986844786315510
0.24126637700345538
-0.94440123727822856
-0.21451871596172550
1.10826844697259741
-0.52753003346151439
0.30862194541842297
0.02042284734486012
0.11730674268835112
0.58840208298805541
-0.72812379179362630
2.02110393020969381
0.05803956893365182
-0.23752022645154533
0.62404628763042358
0.94222641946132490
0.63380872932148946
-0.47027238231899371
0.48246033924276072
0.79983452244004538
0.25645535749176079
0.52164573562741257
0.88498501832639176
0.14859149009769701
0.00000000000000000
0.03921791256156567
-0.57180303892108575
-0.18406920410293215
0.15475645702610660
1.02820729192402172
1.21172393634860298
-0.20935733622291930
-0.60019830947817965
1.10258096114701343
-0.72927041108083879
1.02586748684593143
-0.58387290683351367
-0.16580486752231949
0.60228304078040973
0.29889375841790294
0.33055144825610777
0.44872598717360851
0.14131131992461102
-0.34619855948622985
-1.03641058908833306
-0.66845784344168879
-0.17700187610519930
-0.62307302197019410
-0.99060783345731118
-0.36861121319423945
0.57870618471833257
-0.36598644974152189
-0.35687547542848524
0.82002607917441050
1.12432881313348187
0.39981911351534266
-1.56288891962310905
-0.83707063515106461
0.04771425160434580
-0.45824270551649837
-0.73846827426555639
-1.00858409258441273
-0.42411759204449151
0.27061165071407589
-0.48798873182738306
1.28566139683348113
0.38839986838490065
1.13793733762271088
1.04601434342172750
0.04598832100928504
0.19549528260607718
0.20063958532279891
-0.55462510987750613
-1.23299082002410554
0.93212354654834750
-0.21920033279314474
-2.63398949112716751
-0.41534169039766511
0.54561568419040729
-1.66073879314594364
-1.48158207332024827
0.77984188092481055
0.92189280981246202
1.66626665820169118
-1.09661692170762648
0.28859029729747893
-0.95449244913364262
-0.69954722040195705
-1.33475065941431126
0.00000000000000000
0.96005877439102238
0.11345741308936215
-0.03073810785788061
0.37219901117909199
1.01555912439349982
-0.47593942383753574
-0.09761881527875971
-1.34094303788209390
-1.46774055898838562
-0.08122896139997850
1.17246427044799550
-0.40941515458355332
-0.13733530856056553
-1.15811735385835535
-0.65090311847797455
-1.46553627534805120
0.49017662846216081
-0.29899141259049861
0.82538623019068658
1.56841719927939893
-0.42199273242329904
0.57339629798299951
0.43857491025950107
-0.38284083480041331
-0.27411979899405431
1.59573448148427643
-0.46346124159967866
0.26673597916550879
-0.02288641617870080
-0.84466986574505332
-1.14791637464738416
-1.60178355870113731
1.12955535540747132
0.34387893051390989
2.03770037561745765
-0.68068201168254361
-0.65254398825058912
0.55921584197894658
0.77954330581688136
0.14249858287568004
0.39863106953573496
0.70565627657247876
0.35606441236882147
-0.26045930211890028
-1.50965718044603969
-0.27030057001116087
1.37028245622347877
0.33380927710250552
2.04734516515638676
-0.98569749385351291
0.63182713664748202
-0.33319430541987038
-1.23275955430390849
0.13088212018000228
-0.65847682317894218
0.35899384735687018
-0.84473303255638066
-0.98433992640963031
3.20350941754306673
0.54277282612493805
-1.40734272630715584
1.46655320353494845
-1.11086422233995985
-1.16434972164335782
0.00000000000000000
0.07024665446310628
-0.87176994579820710
0.98677629759176966
-0.37716021504359443
0.68510865397709941
0.86501031953069740
0.18510537598225957
0.65216273266917490
1.26783105581976407
0.21474967003699680
1.33883339718258965
0.14232575323246222
0.57300349878244772
-0.07738548512888167
-0.28152093721200022
-0.02520831578274445
0.33545339205721669
0.28800214710129352
0.13932836761990752
-0.75036117696261762
-1.29982070583875120
-0.59592207858942015
-0.14305087602891614
0.12837483329357841
0.72769256084813638
-1.38119470064928507
-0.91731572713236809
0.59494526555200133
1.06361431138852369
-0.21365529482981410
1.23738892934257283
-0.88826763531421959
-0.42634707836151953
-0.45185841096934276
0.01130267330827847
-0.66251271367173337
-0.02021081555035324
0.71823568959318485
-1.36966232430177715
-0.69910560089142848
-0.39819095586935777
0.43814340656946166
-0.78422243592381413
-0.76403484824272205
1.43562441075940495
0.71621346902936833
-0.98235074495632413
-0.54933732662255996
-1.21156408264993543
0.15406022792435856
-0.36663427556661171
0.37858887143990161
-0.09917059673705948
-0.19004496173193536
0.19780087603121310
-0.64326333563946225
-1.04124925808924584
0.48963893250503987
-0.23670379562413826
-0.99437368401322801
1.34221014042707565
-0.34440548371199003
0.71826691762342287
0.54965088251535232
0.00000000000000000
0.60855721710120703
0.40405144929545872
0.43497841537101167
-1.38235752830579428
0.12261719550955566
-0.63202059114938514
0.07353928446999729
1.32560374345598664
-1.17875490211463552
1.35476444062871493
-1.68066716500672619
-0.13654673878938328
-0.09042363793593405
0.17643032206868381
0.26978136426561095
-0.10619770831931745
-0.43494989204556439
-0.78035292946742885
-0.91411740233552308
0.56228367843819693
-0.25085380584081624
-1.31809245595217894
0.33415193588847786
-0.43008494205922054
-0.61239798914131205
-0.25144917064459849
-0.12778972633659022
-0.47623062677072897
-1.14961621145239912
-0.71090723583374993
0.88268288176585308
1.40666527662762664
-0.85102908388069398
0.35709897008429603
-1.50113402708627741
-0.41186700638321488
0.78880401841103664
1.11978328808591887
1.21304965750317661
0.19553568514833658
-0.06987044377046119
1.18405229742556406
0.27286217424908321
0.11413578373095429
-0.15447262864800065
-0.19112343403825410
-1.12665606779638106
0.21047921321755464
-0.79376406627434715
0.50604584353339199
0.12114137960986383
-1.01280912482878982
0.49636605722158000
0.15619503911258695
0.06983621132820481
-0.45042287230802147
-1.03391910744432702
-0.37621177033987468
-2.02821442478032354
-0.13315685127671359
-0.18831992371695705
-0.46073809498112867
-1.39237988417467018
-0.18939981359120728
0.00000000000000000
0.63458145056385662
-1.89567541408177531
-0.77184673537707305
1.02765972273676542
-0.86133178484032291
0.77088636124199572
0.10927808591263717
0.16324670765891050
0.89645772563678727
-0.33037476281833783
-0.29398732920862547
0.70658860817481095
-0.26232041990170563
-0.25569375504961278
-1.05715824039971884
-0.52578569911622652
-1.23104260035193636
-0.24845500504053011
-0.43207531793803905
-0.67583543260662204
-0.08622795617463447
-1.51446827701789433
0.10371317356455725
-1.46127644374329035
0.18146738910581967
-2.48966657139813785
1.01014790604631877
0.32611237411414706
-0.57158854919842383
0.64441945709379211
0.55283342275429426
-0.83432939099502590
1.05987379720620423
-2.72779521765752841
0.44470651464853028
-0.19185011426491463
-0.86634503521188477
0.20418846547434019
-0.38621185299617677
-0.49780883959633776
-1.16703716896613363
1.04061170701024031
-0.87518047968821022
1.21310032708196402
0.63137232907667207
2.39370019634082443
-1.29324558777124321
1.72079410561384161
-0.74337068718852517
0.46322966914950503
0.54983756612275003
0.09419239825020492
0.63816186851054446
-1.00804707261651827
0.21796073906252814
-0.33719469202535934
0.80532547263276755
0.62467985524305936
-0.83284771171163319
-0.23326935185221931
-1.76568355038362546
-1.50936688102018257
-0.45657975023820496
-0.59005052303605177
0.00000000000000000
-1.10327219317237279
1.31060365035293658
-0.04101717972290905
-1.10040304136754186
1.50767453602486601
1.74804904659896132
0.47840011090927997
-0.48515749619345100
-0.11704186964170975
0.35794435064896224
-0.87337047489564446
0.92886030660036512
-0.40307237751455632
-0.04658535605630209
-1.04292581553140695
0.42662355105621380
-0.92330125757163650
-0.81496913251173853
-0.33152356927384985
0.54562137734409999
1.13622236333236182
1.19089672136591052
-0.30157911591346359
0.97642943461243181
-0.64797972823580374
0.71318950752163657
0.40341627529434221
-0.26873537253071789
-0.80895316241777782
0.67183895996667164
0.09889095256380764
1.17627700545995806
-0.70744297409321621
1.60648433997689422
-0.41768071698560660
0.07711477355757179
-0.23302238576980908
0.92039152146807290
1.80248076853817962
-0.39228170187914163
1.03138440342567983
0.04770907468274629
3.53067550344740688
-0.52025495734290295
0.58259549252650722
-0.99271155537047329
0.04769376427433027
-0.03724703508777892
0.38710293468847401
1.03084067406638491
-0.49378731052401736
-0.30505050862484212
-0.30999402792727926
0.03642707565855403
0.55037520912692739
0.41583021799036879
0.33524653882512345
-0.20562549809139960
-0.18922878503319845
-0.14715474428330039
1.22617263936476650
0.09014351616361659
1.11003692864592285
0.62624875255704104
0.00000000000000000
0.12714012224651358
0.35742895011930553
1.12426613274340670
-0.70762156402361576
0.71899927785538453
-3.08178240617187038
0.96485218847540422
-0.02969777635393419
0.03682849664447925
-0.09445091210760569
0.65224805946796660
-0.99043957176591491
-1.53958809382909201
0.51039612144262203
1.53725154562232769
0.52314140427946076
0.01640973597833448
-1.24608231921249457
0.27835144670548984
0.10613239294141109
-1.16410187741268456
0.09363993902203914
0.72449959227448457
0.39047069951568503
-0.60056749177332680
1.67155026307370602
0.22716913087595539
0.52393500762382950
0.86431945179901326
0.14602656611617226
-0.26318505625360678
-1.12580369684374082
1.09173177951093114
0.80073240802875367
-1.60513553439943535
-0.68897716183369218
-0.04984858920437350
-0.58825595589373370
-0.18061778544854820
-0.29173982020657596
0.71356413617513947
-0.44059869039185073
-2.32827916262133305
-0.58220733381886181
-1.56015640654618815
-1.31958368178414309
1.28994870563527098
-0.85482787213839939
0.64820169528726568
-1.65780124070287993
1.05247181232278142
0.99677970593317311
-1.15842918713763021
-0.63741460538789319
-1.06696543248117526
-0.28336593254267423
-0.31934020521687612
0.73448575002722705
2.34254477831313634
0.81364086070652308
0.18331855281103845
1.02178351658724287
-0.19948589707112907
-0.01311528363049702
0.00000000000000000
-0.38330968314733593
-0.24452924803096268
0.85354503592835484
-0.32496264689275295
-0.55728647810074849
-0.59246436058292262
0.08124648625912539
-0.45978351820733088
-0.91435607251541451
0.37662730720560766
-0.69417137086960412
-0.50208499050380584
0.59420906690420872
-0.22601462899966687
0.91960338452393919
0.20645001016682066
-0.03662736859324098
0.94496891097722036
-0.36203839258451836
-0.47025276896871820
-0.86938987779863708
-0.13673427653381240
0.70486650917765736
-0.14113138062782246
-0.77015248176654150
-0.27732927692263554
0.31082985481506470
0.19171584401422209
0.98139762067711855
-0.23200928865944270
0.41636282284831455
0.41786971040007048
0.95627241655100093
0.76640058943579703
-0.54269891643255830
0.43334450519423001
0.41675693503745126
0.01365345914002905
-1.95902136797903670
0.63361867998194477
-0.09345310618488507
0.36919183492720581
-0.70056681621321337
0.86139098040975548
0.34223114220769280
0.94486615653201522
-1.50010720991818181
1.10187786420949885
0.96422344865690490
0.59934587181930066
-0.17957410102933116
-0.37222151997360509
0.49213990564562060
-0.01810360749674452
0.67673914290188308
0.39739004361543218
0.02784864462245159
-0.99597167885988125
-1.21293563207820210
0.59860008959445143
0.54645749089665585
-0.18411029302216564
-0.05713930022993347
0.68811798125098089
0.00000000000000000
0.37006869629528233
-0.15436562068994517
-1.55821048526446138
0.88777947714044858
1.03660238970446339
-0.60368485283062956
0.55732820305527997
-0.80561557088149760
-0.44810698496694273
0.87441432863696333
0.61470654386702528
-0.21849210673517125
-0.15481240022210913
0.90609668655598963
0.02540825739437162
-0.15057105782378441
-0.26817942338596623
-0.47485224812139487
0.49927076833532508
0.73741869675484750
-1.00332460256183853
0.62726291915650523
0.67314303563308064
-0.61019173580652331
-0.84421919642427679
1.03984221772660401
-0.44149598959940212
-0.19920605674706443
-1.05176819397610011
-0.70733116253837469
1.03115279894552869
0.01906093843429681
0.87753102219075596
0.74199912057754558
-1.02677348727324236
-0.22451355059995448
-0.82630269770731180
0.09664709016435055
-0.86739071625908959
-0.83777398323797581
0.69987300180461554
-1.46002776638721121
-0.00360269655036356
1.51803283901609043
-0.74956616888684835
-1.02355377456389185
-0.42392801317906853
0.44476981600498650
0.61328448927461976
-0.86741994483846452
0.01973755730647252
0.11361955668144183
-0.10774237557424299
-0.82106032372693849
-0.67789076412345473
0.27385625532748403
-0.60901094405531930
0.16871071495118362
1.82491899966090765
-0.60387557146881088
-0.08707815988806959
1.31710367115354177
0.75064585325565947
-0.46734860571727915
0.00000000000000000
1.05390541752948663
-1.15452551365227540
1.09478183125919570
0.30037501707498854
-0.52340932783532312
0.21847422202880279
-0.57741479019966035
-0.38119895925185121
0.64268217333727651
-0.81405318981960906
0.19639386316664481
-0.47251296435201473
-1.52233632886932679
0.92487643786520302
-0.19412664120999359
-0.39476551591704617
0.46361165325655024
-0.45568206235209718
-0.64476957881362584
0.52241531848030665
0.79543997595585569
0.27937742512485036
-0.17390302197021795
0.82525325304873531
-0.67308503083035520
0.53612551446697843
0.44747254751819177
-1.04278393832155492
0.60327957553050626
1.00701772772006515
0.78133439534541937
1.03341753398755576
0.37036436736286110
0.17887725420631301
-0.94112128510273907
-0.90763050918716892
0.23751473666197068
0.41526905847600232
2.05039279651171125
0.35883363391740225
0.64185887770505468
-0.80853403431411097
0.58856858561317082
-1.48901428491693943
-0.20152260365738756
-0.42753374933926441
1.91575883073440334
-0.31967382424196206
0.38788156281508407
0.72366733096680214
-0.26599997734050607
-1.17690251015140679
-0.48022417747782270
-1.00536644267601871
1.10882645146665215
-0.61381665484861736
0.29273763004704639
0.63378639771486311
-0.13951364196587207
0.80888897360019307
-0.57758009721877768
0.00769205795081479
-0.74189869678723841
-0.03488906617911894
0.00000000000000000
0.13229896381281089
0.27825151745165000
0.04318820132082573
0.67935365445282114
-0.86612493143600211
0.33782806994941694
1.45646195432810566
0.27564330588782804
1.25907847504532611
-0.74847449912173825
-1.33405092260156777
-0.18328214265505749
0.15630838256962962
0.58130062261801707
0.16567944176406807
0.56305960169448843
1.56587835188168367
0.28271881687071893
0.26127292236136279
-0.61778030887111723
0.12250485584310825
-0.66441347008209228
-0.67346688759095119
-0.57906564757646384
-0.16385399097802375
-1.33236784190134250
-0.97550179347429622
0.94142105281796373
1.96436523380724037
0.51592143072669150
0.49183869082300569
1.41041626843131218
0.66704379359600363
0.88496263940253594
0.81177412461983389
-0.42235077519103653
0.25426902098089088
1.02258587356756747
0.42743514511538455
1.10792231849321166
0.77060314828640608
-1.51190312372881630
-0.28899545475948035
-1.38783363940845783
0.03308002027969317
2.70598915653759509
0.18468569045403438
-1.11848903795452070
-0.27341095086344791
1.20166107451712101
0.16651111237983859
-0.79680070175236417
0.47342276435182951
-0.58349442310715038
-0.32744983836180186
-1.55959442976565010
0.66375763779209962
0.42668216974391204
3.43027935548522223
-0.40898886996311945
-0.59421282659721675
-0.84615318474972345
-1.04393034848380184
1.82019615058646589
0.00000000000000000
-0.32882420867226775
0.82244353169107665
-0.08615880433152502
0.26159941662024161
-0.99708809728858305
0.11043892698655960
-0.55436599308993773
0.35645096407051086
-1.30626618045364595
0.46496204512558276
-0.59231637749385835
-0.01018277671436007
-1.09603282300658900
0.14689672374981033
-0.48978700504250133
1.39850250445119162
-0.76027844102742681
-0.36947377213570393
0.40298785144836674
0.83440118219899129
0.69251001335730356
0.49889275050416265
1.01071146175084570
1.40499829144445010
0.54485383180604330
0.43421733296264087
1.02348333699644090
-0.50563221785629542
-0.51384342454947207
1.33393755871519648
0.39213452810216748
-0.77222440741620146
0.63834887543804053
-0.99707340509807429
0.01679988834105568
0.73007887576930408
-1.44837780937665683
0.12642862931464605
2.83901374700258335
-1.23315549174727135
-1.37550825150500833
1.34561419345222366
0.91253649639219192
0.45967409480018473
-0.37767161653667741
-0.86018617733294311
-0.11017567591327508
0.60800179067902105
-0.48996855924292754
-0.34949211108525385
-0.44338697104934133
-0.32400707534401496
0.20634260374811589
0.74251028974043765
-0.49641316334349928
0.53242602611072676
0.45152732468001655
-0.67620124468722065
-1.09720727264367546
-0.74406931240022456
0.15790695067843913
0.16490828474716471
-1.05676489761752679
-0.97592459044654323
0.00000000000000000
-0.67696014422895945
-0.59298548537212525
1.58814237369376254
-0.45096197070460009
2.87106373525275194
-0.56984813463100492
-0.10667168745253813
-0.23643933185903973
0.03267337279424000
0.78373167690078949
1.67742116947585140
0.77850195315172832
1.00111862421672604
-0.07674665066525602
-0.63508966317185001
-0.59769997533910391
-0.12558502083803069
0.29218426724224927
1.16549786332253813
0.13856402840527834
0.63968654136698344
-0.93087864970247858
0.59497149922904191
-0.43808672491460304
-0.61186340551394491
1.25469271631870827
-0.23252974078856956
-0.80936947784040147
-1.89089101140080973
-1.20072485912908311
-0.68189782000120125
-1.21182099986454928
-0.49259942353815822
0.88791309803401219
-1.21874795810729397
-0.79018363907821076
0.93270076349329589
0.00737062679145635
-3.49463974172567049
0.98287721367146252
-0.53801501014297615
0.03901005145421649
-1.83124160875344488
1.96954293835535843
0.27485773711005840
-1.06002597151865952
-0.22114182807779884
0.46943128131883682
-0.25420221475714866
0.40638992677298558
0.12594197885039771
0.70710640892671472
0.55686830397623788
-0.08838815116187025
-0.21993031688800505
-0.24628148845480194
-0.26205377723669881
-0.84247775817697068
-3.31844118266999644
1.33702687720895641
0.19428603411918552
1.39263892546962498
0.14036851290845981
-0.22904153617117787
0.00000000000000000
-0.35123535839062148
-0.10955743294759783
0.04312744625084933
0.07020257457213137
-0.22592205467895846
0.67326673171699647
-0.29898568839376610
0.32250154049477836
0.57998162780763773
-0.54465497611961178
1.02417892710404734
-0.62349510665409014
-0.40478865666946773
-0.60046631745367574
1.47247650187243928
2.03971997628117707
-0.73447918356361086
-0.98562958485847296
0.47812886756950196
-0.15043736536689242
-0.06950795701288370
0.21670829546923875
-0.86674117331126432
-0.81110505711145309
0.19400813652576265
-1.41465862578625945
0.91201122738634932
0.13676472503469236
-0.27097691962586135
-0.35624628166501304
-1.02215711857657454
0.07075356345855600
2.12679441910323286
-0.50136283998927089
-1.25739310199807930
-0.51954045714915809
0.22330067238081588
1.34253781094221636
-1.56280466052237776
0.31953005096906884
0.77581385956553628
-1.69961952511655090
1.65374076038460371
-1.33681135042119070
-0.31519635372613258
1.50283291098357119
1.63174488297334541
1.53755622388897528
-0.11667320088777192
-0.64743540396839994
-0.43690974587260284
1.07915323185205514
1.02523427203099105
-0.18502307743095617
0.13626671965378717
-0.06362776680238334
-0.37969102063084104
-0.02700990336502502
0.08517759698410760
-0.84190828437595355
-0.03711974421363662
-1.33540655797913499
1.07370024298602429
0.27681560188894350
0.00000000000000000
0.82837906155992580
0.76094912118602720
-0.72011382867090223
-0.63014559578678209
0.36747892614702110
0.12447011299199678
0.01761301445395164
0.96941951209374488
0.82684384166207336
1.77535437184621392
0.51930646981007467
0.34908471816683173
-0.90007074702299728
0.36148314813097598
0.41187064237703280
-0.75773782072771068
0.12936997148764312
0.03768108942726850
0.75870151021961629
0.21952767913679652
0.78236392256744158
0.44757488380853433
-0.84688159320282685
0.33444159721627159
0.08131668813947338
1.84078630668595467
0.41648455706510534
0.91585528586736997
2.04257951736838361
0.27066710608131345
0.24661569326582200
-1.51024505830174771
-1.36132478871213647
-0.13466367454005126
0.68968762684386720
0.36960145346447770
0.45362555818111233
-0.92256450837676141
1.19815648705790490
-0.06304211414221074
1.76832900304956420
1.50964600812777361
-1.74122470627447568
1.71386917211961154
-0.42289687171594847
-0.37061521202895770
-0.92213201356128405
-1.57659891824219445
1.20992583323622060
-0.54943572045992006
0.02723767960375102
0.29802706226110787
0.26508566110605358
-0.52273131097610226
-0.85106146187761289
0.48863853281029429
-0.21554876728088823
-0.24036546713015475
-2.17177660631807523
0.74854005915717958
0.19142591874412127
0.68069609046842028
0.30948989981659697
1.24744297168137352
0.00000000000000000
0.75333673903701537
0.12774937591808297
1.27082491707310807
0.26637116989056686
0.89388510263947207
-0.40250065000440111
-0.09640793914255057
-0.97965781718842337
-0.43913187581010077
0.35431118672032330
-0.51864206956039827
-0.87703463216716571
-0.73552848204157517
0.12689364859110619
-2.44144714829940179
0.71854472590722074
-0.63581231626576196
-0.41889074800046133
-0.42941023469266010
0.38324860240160563
-0.99840845124318389
-0.59411298496615239
0.80557042590151451
0.07468609189589571
-0.40509501607101384
-0.46127907302170607
-0.64259499530325492
-0.64001077169782483
-0.89170439626487807
0.84198011973691578
0.73704698301110005
-0.35283887168756234
-0.69649181120262904
1.03482664340880182
1.78986722699428835
-0.63874387333611338
-0.89289422945062991
0.89365962848358904
0.68218353652483410
-0.61518838864645742
-0.00488444490556837
0.01224767409419316
-0.84646202366879741
-0.78407552930233104
0.52431479153671123
-1.84883948802724829
0.40554044208831658
0.91443228361228746
-1.13238207496905985
0.55216373723948653
-0.49835792630260289
0.21153852319433331
-0.05326804151033426
0.33683916340935494
0.03266719888615870
-0.18522960560246773
0.80189427022656978
-1.05896648133382598
0.06934636344399688
0.37720104832166790
1.00252799958839112
0.05858285544539894
-0.63177829520353712
0.27105471948808202
0.00000000000000000
0.48744936936831901
0.78872090258962180
-0.27897137751790319
0.34033942210710222
0.43282039423086344
-0.00267244557720849
0.47026726108511729
-0.29329663888460566
1.06971243096813717
-1.35083539831884880
1.39424831432917640
0.13297349535492026
-0.43226114487563705
-1.16114000104310411
-0.56465726666219107
-0.60730895202251201
0.85690977085363618
-0.19822363882570304
0.03940530888842995
-0.09222496870869439
-1.07617472918044288
-0.27671785339990601
-0.95975018415149915
-0.93180793276844298
-0.12194503975372002
1.16230683399814660
0.15473767131090385
-1.34392742596651615
-1.42397948399612950
-0.73704277115282124
-0.39254230241052435
-0.27039390256327861
-0.61060701219288749
0.06204196748883096
-0.36702108191085359
-0.92654674253168856
-0.74719888647405186
0.31549039004485280
1.75313504760479510
-1.64189426525791426
0.48799842783968855
0.40369509314377328
-0.07518176939211317
-0.48389963457182711
0.05730106676202049
0.46148835842001856
0.70878679100838526
0.23569096886024721
-0.02244045074916352
0.51752718072844373
-0.54716431255148701
0.30246043653416621
-1.01197052955807210
-0.30359845635163007
0.70178999867070591
0.61534086779339292
-0.89931502110835093
1.04234570864020415
0.84003621330215428
-0.93599721457075069
1.41389248892757835
0.91499851472208016
1.56014643968603561
1.73981494037180906
0.00000000000000000
1.04090775785574530
0.78744515482595034
-0.99744631701163344
0.79183104295075801
0.30321300522131106
-0.07938569604937265
-0.82284610879521169
-1.54927024474896302
-0.41257583699196643
1.21243802095532982
-0.31680492501913016
-0.05679956836788846
0.50649965195201507
-0.68847323252863335
1.18267844633396879
-0.75582855386531977
-1.07785132682477403
-0.49984179501841075
0.66226881997734532
-1.69072467646362745
0.59540259565034115
-1.47118412080152394
1.33192943794730789
0.73218328255207488
-0.62407457840326219
-0.36825981377092420
0.06797743983772619
0.25902687423827991
-0.07215363633027974
0.83253259048990869
0.46933175117075648
-0.25701738246704925
1.20041715106712821
-0.42623712901496158
-0.70962203175609018
-0.76149229432991095
-0.68538836654777113
-0.06778020859855914
-0.39843913222341493
1.90580152603069064
1.91493174094254548
1.80836972722292755
-0.54812895801497263
0.80284750742814071
0.07104376126504297
0.60905120478889929
-1.83211430060451308
0.34412855273130000
-0.71021006749675342
0.97030469193447177
0.36775869470316597
-0.80891807567824048
0.65710920378398241
1.28676931809687378
-0.13783496276985674
0.00973522594810273
-0.68357511910250190
1.73795053135232980
-0.21511668847215087
0.22818372731221534
-0.57552890876481633
0.29448727553330500
-0.31429874852694956
-1.10434298207145409
0.00000000000000000
0.62904462660413984
0.63652480194041128
1.27014135407579909
-0.79971276176585226
-0.04988738215420407
1.18279164962841210
-0.55600498253291408
0.14777567184653007
-0.90799393637527370
-0.86476265247886552
-0.71311188901920286
-0.48907971172196169
-1.05779578082329229
-0.51544517648161514
-0.36560123276038814
-1.00037472622996737
-0.10463354400090619
-0.40487032675202356
0.51346713847933001
0.75159523084992563
-0.28933092864066390
1.50045657368957142
-0.75898057048699175
0.00078352452038952
0.67639720852088403
0.48897195473947841
-0.35738265059311319
-0.00337745040514734
1.37871325767390851
0.65482121114575575
0.41564551122401033
0.01451303046283737
-0.33450622556586279
-1.04620702572361979
1.36411598712521953
0.83875628256031753
0.04682102222635200
-0.47168938737406418
-0.20389934738359869
0.31413570959543280
-1.51862079800206540
-1.12208461685084093
0.74155675038274016
0.61236097680519330
-0.50403465512972312
-0.33105550366973419
1.08757351216513642
0.33426385338578751
-0.65064727509280473
1.07835048937872613
0.30256715843016230
1.69925697760593630
0.33042067145176962
-0.19841058526230657
-0.34868415985799961
-0.25874863410978555
-0.98966099032898891
-1.61211283037128639
-1.25608808050497167
0.08657859454322804
-0.28675828154293859
-0.60645407837132803
-1.39699286840343428
-0.58237988037884703
0.00000000000000000
1.00149530761107264
0.00177934049589472
-0.66688201444400153
-1.51351615099985137
0.01966468132630957
2.14766809912752032
-0.76212465062291657
-2.61008187977230843
0.65376031462546025
0.93929098067481587
-0.05727034049517977
0.35546995225752603
-0.19493794391719971
0.46766204491384367
0.95411827749888700
0.85071293008727877
-0.04764819983637603
-2.05529907087943675
-0.01591320273815233
-0.30765025660315792
0.19447137221540278
0.07988627459589605
-1.25083243963089363
-1.23960858398753149
-0.22110744719625075
0.42805942402087466
-0.48258093535626323
-0.08607047530779001
0.25248953932542001
1.31491923673881117
0.51746343512008741
-1.54896780754835461
-0.40952107951058192
-1.02029012615809855
0.46512385729968991
0.91338369475878900
-0.82521927000887574
-0.39367048647183378
-1.78657352677402503
0.11567995659104646
0.35217917011670552
-1.72432300141315942
-0.50753599705461938
2.14348578513823274
0.30794671499990356
0.86268494001221585
-1.66946511380886053
-0.02510076404438483
0.36091090523388575
-1.47472246516215133
1.12055470922553058
-2.69623030280947873
0.94645864961448922
-0.12850919864192348
-1.06716459056323210
-1.02510718103105192
-0.85812709562679679
1.25306267378538294
0.03476405591203548
0.74552653222218712
0.94466963131145087
1.69073485770314380
-0.22370893503411080
0.01037245770322079
0.00000000000000000
-0.84493903093811429
0.08525217194635190
-0.47577683312546437
1.50334536514800532
0.00031149325108078
-2.48017374733068330
0.09473725207943383
2.37059091223713292
-1.43003534131291010
-0.53508828289945076
0.96706102834973562
-0.68304575558558855
0.36012719025546341
0.07645846261750384
-0.00244536033992752
0.69842333792407640
0.48557322746463583
0.99109605890265473
-0.96809443288389330
1.03936267378115432
-0.92104382002508300
-0.41651696606042421
-0.17778550836441576
0.96741902239993560
-0.30462097996887672
-0.14649360832492414
0.15467478328379655
0.39063872879888945
-0.16087813012337848
-0.01652154291770648
0.26943804546056355
0.97135304946016932
1.66700015122985112
0.44189462438610766
-1.59364794209425109
-0.36601944978599199
-0.63697575751491098
0.28360819944340659
1.81555260175515421
0.30699202154141336
0.02689168957682280
0.47051980542869348
-0.05169876207499315
-2.68196295997585121
-1.24192188453617924
-1.36725549799218515
0.77300658876825923
-0.46890788932090588
-0.24278845885557296
0.16561897446220369
0.32240460210793226
2.55414036967425950
-0.36000183660362756
-0.53298071140147929
0.51687771318175590
1.80412227133700176
-0.88654026201073632
-0.78162512315606025
-1.45804026505981277
-1.23192666079006141
-0.79220165760879280
-0.30611428969855525
1.64654004918312147
1.06956967809844428
0.00000000000000000
0.17130514094255395
1.36119031765902365
0.22338583235063902
-0.44365014997717978
0.86970013953712411
0.36835922910318197
-0.88384876894177933
-0.68169724107126373
-0.99655152400726033
0.53792114033733773
0.75635267749294943
0.55550705981110948
-0.97573586878033203
-0.26402372529197982
-0.82703686446225932
-0.80940795454634484
-0.11369023272705199
-0.50953283012995731
0.03077376502833235
-0.96021755766148120
-1.29248512613772015
-0.72080788049878608
0.89300704816139875
1.00720721782587352
0.94992657335814767
-0.44301747159193211
0.11684200728884660
0.17414062907183792
-0.58344416013683131
0.30703549948013770
-0.03411325183780439
0.98484807817304665
0.36638290216322378
0.20640277521045200
0.62161484404680034
0.19383353335022327
-0.72784837104343547
0.61909714913526004
0.32022900653831327
0.00651480230120796
0.03325505111117055
0.01645749774114199
1.17220844754613562
-0.76556731597584859
1.02400273689713428
0.02087946762638670
-0.54136267303309582
-0.70512842800165054
-2.01741182098288885
0.00251993163142098
0.72488640433925755
0.51348437765500043
0.45744816171269098
-0.31395824676512896
0.62693498509536427
-0.15084525620925437
0.65477008132117631
-1.42877629722239607
0.90847443627323454
-0.92425889701462050
0.69125704857446491
-1.54565502636655272
-0.52090923267866940
0.29764263743061420
0.00000000000000000
-0.16718470681538036
1.08782112584295820
-0.15333262451132318
1.10771701185469129
-1.07611628195725872
0.96037118914628516
0.20144109438475957
1.58090364800854877
-2.47387700950700617
2.11173464877363859
-0.90509498117520804
1.04612224856782721
0.58588446979120201
-1.49127484654999787
0.79190140221710459
-0.05965172622001554
-1.04604304667317249
0.67809139100519789
0.44383792934127092
1.94421898002365645
-0.48083756291110513
-1.32339229891815591
-0.21404447603482055
1.36165738555219451
-1.69537891770123572
0.93110359753228200
-0.19838257907729454
-1.14429829099898006
0.03937568698779791
-1.27965304870903007
-0.23592553264137034
2.37526912449574912
0.21520437570127265
-0.78230984784192115
0.42298917675008468
0.94525091322363197
0.53482096115064282
-0.92550728779317426
0.43888057636023592
-2.35827532778284654
0.06677518800977059
0.97240895105179281
-0.90371555622928978
0.09675365540961139
1.74851680295557244
0.89146339247629136
0.67886376960991734
0.12922770117844715
1.24067484319817711
-0.90866976491892015
0.67431481818903150
-1.64510853587864014
-2.05245989345633717
2.47068601689550604
0.18411275335388388
1.43790404944748684
-0.75987788363696684
-1.61330366663192049
-1.11923852986613492
-0.46040104139980526
-1.68003769328005625
-0.34236646736919529
-2.62048588588928721
-1.09171664471558549
0.00000000000000000
0.91687878591841365
-1.05282125573012952
-0.49929126901087567
-0.57983251933132129
-0.51829181868886254
0.34066335516621471
0.83914419756648395
0.61964280855383269
1.17098741481919766
-2.17437491307969166
-0.11551324872244464
0.46277738936181562
-0.64536538079239425
-0.27494721441306114
0.39155680549268751
-0.13004594955260571
0.63955997783483221
0.12557061888109780
0.10792671314514725
-2.17794761778651047
1.13141104410478377
-0.80732982543333298
-0.41481983537856026
-0.03454736140196824
0.44763110113251542
0.49289752438839540
1.14520518751536926
0.96828420220097700
0.29542238313514091
-0.57723695187229784
1.13413216999420174
0.14698572359772721
0.71959297341478223
0.00276031973239486
0.18051334466047261
0.99041645619495278
-1.00785527520653306
0.27642163060018626
-2.34202196793419359
2.32504484515165188
-0.05762110120836374
-1.41778004865994656
1.49231435279955105
0.27407211185777702
-1.10881083438446937
-0.15940050655024457
-0.93124910598737654
0.48560263803310316
-2.33119629879147849
0.88962639958579215
-0.63409277891254923
0.76329769213991783
1.45884050064188298
-1.35690630911303822
-0.44612432058633367
-1.20375260449249666
-0.12311261464092441
1.30079664729499789
1.61054336107309082
-1.14751340229343857
-0.38957869648835119
-0.88159507415344285
1.09223046960285242
1.00910329264727294
0.00000000000000000
-0.47271588107929691
-0.66378692070697332
0.54643350119981116
0.30142509554485136
0.98426042800214630
-1.03664399412434105
-0.59909186146129556
-0.68652567184928215
1.04790675750040596
-0.12037444639128494
0.51338009183140021
0.83969436845573608
0.63191038856289716
0.08800813799867375
-1.43150420064804118
-0.92046908012388817
-0.61007021070695910
-0.80015326788163177
-0.57343807854934392
-0.26452338018510663
-0.78881371103268105
0.05220048576018634
0.25551973360048424
0.78010045921723370
1.06766616662880032
-1.23791916608745245
0.99073887893702761
-0.43868722364352969
0.47620168483452274
-0.30679757155556281
-0.01374327723284530
-0.14630661064904008
0.84598028058718611
0.17018725342523564
0.70819671594462996
-0.00085023165105231
1.01797906211942202
0.43277974885846721
1.48962738306385734
-1.26184701180463965
1.08409153929156510
0.74701971503941977
-1.13342135048994752
-0.37167046913352708
-1.17198039685847211
0.62534099508472296
1.10939171527714797
0.67760721164862092
-0.07464489552198933
-0.15050925224883713
0.69815752564380629
1.07258563674468643
0.63757891811513911
-0.42680520123691373
-0.22039311545972862
0.24916895811269460
-0.85401828129541169
0.68815486451000574
-0.73437616086161572
0.49276389976434026
-0.01495444243003295
0.17303564985108319
1.81359400048168129
-0.35875538520333611
0.00000000000000000
-0.71782082807197900
-0.50856626062236332
-0.13748297852077460
0.36103880907068392
-2.38640009959266575
1.55075787274695598
0.31912659481496175
0.20357134536172763
-0.29184445491187183
-0.88805283248495259
0.84494461836059465
-0.04850776208530455
-0.69633578331904622
-0.19057289571068631
-1.07557064242731992
-1.17030322344514381
-0.45710612957116226
0.13135839805870164
-0.69831042493663953
-0.42135147657669014
-0.96628478679734675
-1.93474265367929354
-0.24577936401076853
-0.68947743257744187
0.47911218467183969
1.53119508534013371
-0.62437408297669361
-0.72974349345159129
0.20412363598446268
0.55508337726791590
-0.14949240755643672
-0.40688969846445533
0.01531524929975176
-0.90787517652320671
-0.53975148011604379
-0.76517596999371484
-0.67288643235619805
0.02879626651420938
1.33602734312116778
-0.43808619469381366
-0.79558006238804457
3.72644733113048332
-3.09351932773119387
0.52943027367311679
-0.88205818668866898
-0.49574800622938536
0.79115463219759286
1.10850713607762752
-1.08990678780208050
-1.18190667480142775
0.83736389821547275
-0.09449795364708917
-0.27340286015876347
-0.09082416463795386
0.46645962103514654
-0.59078014125693523
-0.96438839974853996
-0.88165992686645556
0.90989475760869098
-0.09496740521762889
-0.48610609027273038
0.91583940161921240
-0.48937086766832105
2.49113037879916766
0.00000000000000000
0.48025228412518989
-0.65699550465615542
0.72147696417910778
-0.65360075941375706
0.76008578036089813
0.29897899099779912
-0.68131924458062498
-0.83973035347436953
-0.02949748812416102
2.15259623082859042
-0.10613236732268366
-0.98938047722155031
1.16880511596222947
0.53216242734677766
0.51169294393876241
-0.33796116144309080
0.37283733605058911
-0.23660696799642678
-0.37106023599119231
-0.01704005638551786
0.14972093362241501
-1.20664273522793275
-0.56901830717601387
1.10057650257757000
-0.16688320852451730
-1.60536300262815379
-0.46274405829282983
-0.23556740387716635
-0.72668755524224748
0.18423976728391989
0.22377930339835070
0.07383776108221606
0.35811391949257459
0.57059815623387300
-0.11396588542895617
0.63064773704207866
0.11058368363296549
0.26532635657177961
-0.14257430230518620
0.70993061617841891
0.69368434954578717
-1.78198235591446230
0.98285898954464901
0.62586447511873167
-1.91649047878290379
-0.22201100913505667
-1.38915522258069313
-0.88823490785078663
-0.76532870229961603
0.41563745994596973
-0.70913734642721016
0.63901990093516481
0.80862242484829439
0.60806140001695386
0.19100787497197025
-0.62494004247197399
0.61040019655393429
0.03845234630803056
-1.67897858073923545
0.04095121501404583
1.37166171724853969
-2.00475863810657451
1.48184631117806331
-0.67987299246850597
0.00000000000000000
-0.07911812226764720
-0.38895660865374881
0.33433750053889544
-0.32365408122442207
1.83363074411530680
-1.58057341765884352
-0.06397127622362055
-0.12653875989470714
0.93764455749986186
-0.55870217472636985
-0.23219738667851558
-0.26123263992560786
-0.05860939765666603
-0.40495181738523794
-1.29753468213891665
-0.03827516196247466
-0.23882488125869769
-1.00938869339827475
0.10634973667964971
0.20191821107505487
-0.34480797248773454
1.14609449032494659
-0.23517413250259145
-0.45730398191784166
-0.02251099509092987
-0.25866889036950186
-0.49331787117429604
-1.07781199767035063
-0.31116327413368078
-0.06376189862317891
-0.24777355605370271
0.89273806768328767
-1.21962025386176487
-0.65089496233363930
-1.85593274099351646
-0.37807387734365699
-0.61020277226917941
1.17712961978839825
0.42603257580896225
-0.10408718634489764
-0.33176107636802082
-0.91507423593855031
1.53174024521397567
-0.90491502628074094
1.20586129686158405
-1.24670476098851046
0.18465779406211222
0.50110715679877549
0.85207989606646750
0.39343999110471128
0.50962237718737080
-1.07883682013687077
-0.68108078917995729
-0.26270913201169566
0.58695232802131259
0.36400981894118012
-0.27684187645583502
0.02838130929655626
-1.02453561738668419
0.11526580564167666
-1.32038577355896591
0.13326250870649856
-0.28178162931382345
0.00882974779837177
0.00000000000000000
-0.34939430559248352
-0.00631482561105630
-0.92852163658158948
-0.70404937121556921
-0.76037719934332371
-0.96100229920158786
0.86173457087192673
0.74578690378686952
-0.89544071098487332
0.23316374600858852
1.39139718096663723
-0.20370188036529330
0.04447307708250414
-0.77004361860848713
0.11655182766936981
0.70296415970932713
0.68546666515768850
-0.66563768467174700
-0.88726918445350622
-0.31270146821603162
0.37409944417104440
0.37777558049839305
-0.40974053161047919
-0.44475223161940153
0.94420598912565623
0.86224287660045662
0.53250142486528196
-0.16850138850343374
0.35936324352881471
0.32316887538914946
0.65095057993647032
-0.43758044105068028
-0.48994225973143318
-0.41640365976578220
0.45339443022604226
-0.11662786291668062
-0.46913744797956453
0.86385863569902832
0.50868829914920455
0.73591659872845239
-0.87945960953364488
0.72732745537791132
0.73273813641167340
0.49398118905553445
0.12782010791874712
0.44555831474937968
-0.74307370370401027
0.25814783061333152
0.03733524386033592
0.83265244531284877
-0.54430899708320568
-0.04917540545401732
-0.51083737644789518
0.73178536671956784
-0.15617416350186897
-0.74240880123941511
-0.25019408203852150
0.74371279772502874
-1.02385878908138417
0.76713973104392785
-0.02914477017859182
0.18750129280007202
-1.03055680329875021
0.50824718627833509
0.00000000000000000
0.22518849529514082
-0.43144770279835881
-0.39622653760547233
0.01558137064070427
1.29798821815346987
1.18717339920423726
-0.43402690861024901
-0.03573346908124359
-0.24394165118688599
0.28761766700002966
-1.44796661088431455
0.42614075983745636
-0.13499028777774519
0.01126539029512464
-0.09435232395446853
0.52085907393053799
0.98369223272157091
0.42565086182305850
0.20887624160115220
-0.36079112005762171
-1.15632128994958072
0.23208812784162505
-0.15306286457353510
-1.27892965979916062
-0.30841844823295655
1.32841506441177093
0.46512064128684372
-0.37786635999981594
0.68230724731517445
0.28100594632319109
-0.20131729532364095
-0.28283363589683486
-0.18344212467469173
-0.51283864813924274
0.31408874414487231
-0.35985511148727628
0.10050568563004947
-0.36224902870860293
0.87099466523009250
-0.99291923759028400
0.94985976746935630
0.07192885081234143
0.41306407391010391
-0.02140035471652872
-0.62104089232683679
1.19534085893184350
0.92366369065678589
0.33055291583541818
0.44331373495085191
1.39054513770551669
-0.14478110723831028
1.37666753673789177
0.79040726037057962
-1.51615792769343583
0.04162033235264233
0.67999268208458385
-0.05125067408405036
0.12895435957908113
0.37837325354730439
-1.01399861401014091
0.79750367986821513
0.66803875094681586
-1.52012037351997442
0.17436614762252009
0.00000000000000000
-0.11249720437390331
-0.33899624759413161
0.39456204010680607
0.89121258268835646
-0.94227604670772436
0.74711788352025232
-0.47957715289191682
0.11375699406128428
0.10673838873680283
-1.21426260061874580
1.34384953408126107
-0.14406856850839378
0.27176747767838977
0.93937034686556575
-0.18723084469363724
-0.98558968315036821
-0.52082521171585838
-0.36901592257486504
0.28218689629790700
0.12958345620109660
-0.24582825634387201
0.23866761177506587
-0.52647425227242284
1.34130049915863792
0.76788911091482059
-0.93892548574621537
0.93218369708993176
-0.57337943823073045
-0.58978977603579508
-0.82133208073627151
1.10286075876955625
0.51264108316129609
-0.60316226252362015
0.45564985762330579
1.04925218026060585
-0.73691939905508008
-0.61806848093486000
1.08930181058958619
0.08702512995090092
0.89705667224677754
-0.26868806069156553
-0.83589608610321076
-0.58138959667892465
-0.11407556725759885
-0.72545433551803507
-1.48283401981366469
1.13739564920083658
-1.29516924528963018
0.35644795382531236
-0.77225931632862421
0.11431809147163147
0.22624952545569801
0.56538008504059933
-0.18243230279773859
-1.09621277911227555
0.58694807212072986
-0.47805303423950490
0.78063901016587356
0.61699024084406462
0.50909994637457912
0.74325308891056885
-0.99368761560848362
0.90157644969570638
0.48837481062912941
0.00000000000000000
-1.05003154240699237
-0.29133468491769460
0.05928486248627196
0.50904726219131213
-2.11452833344639313
-1.39629302221027918
0.81861818586179014
-1.45638454207789914
1.38882360653517423
-0.40276560779750176
-1.19443058877118635
-0.98851637717927565
0.24313768336174577
-0.88869678848212130
0.88353825008707443
-0.78867191141363135
-0.55188868282743497
-0.86187277499758030
-0.39452203418275872
-0.43919520861414774
0.67618661371365552
1.46744661781765728
-0.67283438447285659
0.12802122551258893
-0.78784990831857293
-0.96955146153776273
-1.14375140452538315
1.17179929694762142
1.33942337576554205
0.76283622762340542
0.94473979293921817
1.29547395920898167
1.03295220723476922
0.30825499060934108
2.38058608670599803
-0.73988828000084672
0.37823896307169796
-0.23103649523779815
-3.04848227506372371
-0.60774460590682833
-0.48161204145703818
0.96749991880328090
1.12950586418157695
-0.68510167130524979
0.27590671356128477
-0.46732564240417190
2.82771402570063524
-2.15338885484524933
-1.13406758114699246
0.45551277209798485
-0.26652204182945038
0.66910851378123970
-0.96581021692397839
-0.65148222135977207
-0.15173692293062835
-0.54650011605340043
-0.04758527381713459
-0.36173952615603189
1.13154833543781019
-0.01709894909173732
-0.12401458094104872
1.04639783592809787
0.05920561433712037
-0.45899771145129237
0.00000000000000000
-0.59434385209309148
-0.86888333927823502
-0.50966816556085559
0.22631719648904328
1.74965311019406422
0.01983151717202195
-0.52913761036266649
0.15997983274562597
1.01929151825697861
0.43697348396932478
-0.01189491609990867
-0.60853906006327041
-0.31081357644439511
-0.70395261955562638
-1.84226888235690001
-0.20235941727652632
0.37842453887223049
-0.22520475691097150
0.30011790383026010
1.02106400643708417
0.43116084681754557
-1.32179931169981102
-0.20499408114022905
-0.36909488873341362
0.05711654392431412
-0.33589232964012627
0.57548410570648789
-1.06055891593636464
-2.09666477504691562
-0.86084939367567337
0.32774307693490490
-0.69381388991420645
0.82181772278823739
0.42873983686766276
-1.18869270539218341
0.62861730909793789
0.15498343951163160
0.45805138488583030
2.08652868989457918
-0.28087957715532480
0.35803204223109414
-0.58625562978988355
-0.23294409157484217
-0.43716112524439354
0.54018086383199970
0.21114909019203379
-0.27236497981365648
2.56226607264590367
0.49661339107230018
-2.37551047298566598
0.88669325741854910
-0.83649743660285503
0.27642216891813104
-0.35931536955191423
-0.14250871360587469
1.05908771650759692
-1.05732845003982678
-0.36824794001524319
-0.75450948163517284
0.55763734106431329
0.50651809718560892
-1.28559314432675076
-1.10932764391453964
-1.44769094645400553
0.00000000000000000
0.64067215420166923
-0.01037182076142175
0.56913678318468963
-0.13745931612570808
1.70551885415579974
-0.22747019235111865
-1.03600182801227803
-0.02235401042440488
-1.23320531932693878
-0.34968089348819981
0.14034719228657555
-0.72811660533964706
1.20219523610670387
-0.96582529393393490
0.13688282253651990
0.35396316968341701
0.11629317733027884
0.33627537353550496
0.42692490380667086
-0.94652710427817011
-0.57539242387326706
-1.70305053308644139
-0.55504538584886043
-0.29933331255408585
0.36718529231607566
0.33389465241267929
-0.11001049283254842
-0.03919211148284236
0.99418143072209708
1.41687925631557832
-1.01229784568665027
-1.06268966439806922
-0.40021578158598664
-0.67852333139508425
0.21542469058945787
-0.71915818918885765
-0.61953624859901724
-0.45379471973731683
1.83000030893820309
0.91613187381994809
0.67250302140997187
-0.91435335555254649
0.01570217094196804
-0.61186354815981281
0.22733454837022413
-1.06767904839116179
-2.65183489966994923
-0.40447059942724145
0.04778787827057170
1.25168183787973497
1.13588198223345360
-0.06247843418668068
-0.15781500603614124
0.06817428441561588
-0.80186340562476388
1.03361824043271411
-0.11327221047183296
-0.37989173847756547
-0.88347518286526716
-1.20920102456972645
-0.54487730359640263
0.01142807407438004
1.90278271253804609
0.01280565934615352
0.00000000000000000
-0.31218148338885154
0.40075437189869545
1.24620311827217800
1.71851376725163396
-0.16630261721506526
0.07651564308637442
-0.09317709602800750
-2.89771324531830432
1.25253544604811884
-0.87574831765617567
0.68291603500430653
0.48461847402517511
1.17655414925178681
-0.75137380565116618
-1.57102187473074317
1.04388429758175683
-1.22616880792109284
-1.00906003660590660
-0.79424710028736134
-1.73295024780066154
0.29124642448392524
-2.98382082695761852
-0.20608616351470491
-0.58112861007459837
1.62939513323160723
1.92701068178378065
-0.48087468090649654
0.16031947565247290
1.39504892058495411
-0.56847287659250056
0.70002718519331852
-0.50467229924347723
2.17166777549703838
0.12523006335879924
-0.65166059109609431
-0.33197410841591540
-1.12224972117527622
0.57746600074242282
-0.97721891364038416
0.33489458009945494
-0.31148718872679393
-1.48919211009098484
1.61758119721025451
-0.77461344856873970
1.06777627071743852
0.28067328526715618
-0.20188585612436652
-0.10881475166223092
-0.17951051127751222
-0.82045879503733199
-0.01166877617146667
0.71537833097190218
-0.59180306473951449
0.17488462024421481
0.60949664355183553
0.77407409282575579
-0.87206280629794841
1.17208659315809460
0.36832353037395238
0.14800739521986728
-0.74513807124575127
-0.52205980134931207
0.90807596101687404
0.62078899028162537
0.00000000000000000
0.61855153466681945
-0.28851955899809612
-0.38134974222010931
-1.87459169372264345
2.16535524637289178
-1.11084051268523609
0.80029929669665956
1.72423188594234511
-0.51795067529862415
0.20084799158141731
0.15740441203928224
-0.78456926472058031
-1.39149664746488622
-1.05896944447438912
2.50197072394578379
0.55427975440139321
1.07834142590865989
1.20021180153187923
0.48652720635352054
1.81124858709795400
-0.01181543266329121
0.83352123992570637
-0.22097505906604759
-0.38564109209673336
-1.46907529757082900
-2.26028626260548338
-0.81461648206985593
-0.39175159673148358
-0.82673414845744309
-1.39369533418502134
-1.32889441486421744
-0.64506768508633039
-2.02057280725331800
-0.14060712195226202
0.65343692140057386
-0.44444092661000162
-0.53867058026526338
0.62025887185508566
-0.16528569137598498
-0.34354533372370716
-1.34864844774886028
0.72421750115465500
-2.24754037567395937
0.39510210905116050
0.19629147321568277
1.16840973539653170
0.76669989259248439
-0.50277180412577527
0.59278590910981632
-0.27706417481987139
0.60765329649650923
-1.18764158812468068
-0.42106289409182995
0.03414256990159499
-0.40492403352628675
-1.73440030378908161
-0.66486278270197718
0.39852986125859408
0.39453877399096293
-0.14307321129356509
0.23421304377631322
-0.43272819261150086
0.13344960702533604
0.42927106514155905
0.00000000000000000
0.08013558137459587
0.27376973736274779
0.00542578608904973
-0.20209479568664590
-0.79476265053374295
0.40238214736365635
0.63930773137212782
-0.41136669133680276
0.26863114837634910
1.26037281353500363
0.44085747605437209
-0.29347851761641286
-1.03455801804023984
0.58487854203625955
-1.30388889758263282
-1.66585431605525192
0.19212683371518569
-0.28731951785903059
0.28551219304548148
1.05052648567300233
0.25756538527320066
1.68224938655845091
-0.18410819402460446
0.17790149772731542
0.88334262743770431
-0.29451473196100492
-0.41567022587226060
-0.13584868546322090
-0.43776129410356318
-0.63986158595984111
1.16404647232703651
-0.08696713355842101
0.47653428000193798
0.07843914285739695
0.02787788367625188
-0.72929551035878959
1.07033166693543236
-0.81162092565831212
0.16068990107364040
0.29562174618234927
0.89765953191228109
-0.56112739813872992
-0.26967570055572104
-0.10023854566897340
-0.22075001559877763
-0.03791551129894637
-1.91631165300779838
0.15532952919596377
0.89824711254785006
0.09167496116815756
0.89764537259998589
0.33341454208270671
-0.51918765413676293
0.27983288476006224
0.42650278774993045
-0.92505243492066835
-0.36139740884513538
-0.77210039607737191
-0.84885765039453209
0.07650108680707435
1.31101557430877014
1.60095439255566685
-0.64262222082373799
-0.79211320648314865
0.00000000000000000
-0.97318069505987892
1.23279198446527838
-1.03831578217366594
-1.02038813593602695
-1.40537531779356506
-0.90144824617573327
1.07791139517290713
0.24027771939537398
-0.58941278428998967
-1.93453509320485928
-0.10422992586827112
0.49594535035160425
0.92772525241768722
0.26636879494986448
-2.19516447732827613
0.05801551417258163
-0.56446922436601765
0.90184843369804202
-0.40043946221881688
1.61981152492670022
-0.39442869956387999
1.38519171929282225
0.01322083584588994
0.51437538419338991
-0.37745371454055848
0.21044199300254227
0.49360100262182932
0.46049334498171229
1.09494852756505989
-0.33914643355317775
-0.06624342646312213
0.27528841467608905
-0.42644168422381751
-0.20142778993683125
0.90112033232521038
-0.44259912700277571
0.73702271386211926
0.38437243507504798
-0.55617005850198042
-0.43679894408095082
-0.94723433653302058
-0.93267272315629679
-0.00153879233493778
-0.14074696767969672
-0.07213141965181771
-0.27177787136523024
0.10107071837578628
0.02715268282879579
-0.76614547768789498
-0.43137281332726601
0.84815652341123260
0.67075894463300589
-0.39407288110028388
-1.12155849817789122
0.02580260307701116
-0.58381121654829937
0.17154509165543330
-1.81319711911190673
-0.79793465687980558
-0.29284544757038761
-0.94230759553643895
0.81406424833838753
0.97915762790945893
3.09203125927630795
0.00000000000000000
0.78750880643256693
-0.46388594239357989
1.45189369925725686
0.24009312275654754
0.06308718870948091
-0.88708111553562086
0.91498887994527578
-0.91844538618973859
1.34715911000964761
0.89159877752281425
0.69651770766814780
-0.56945593796370442
-1.19819938432164030
-0.57787893123176926
0.29751863881905449
-0.37344917104142539
-0.09627433148263119
-0.08324490770344294
0.39719616401502178
-1.10429767245212140
-0.17891211567385493
-0.71053068832679267
0.71285697053785391
0.50702533411575035
-0.57085153977403458
-0.58157250725433063
0.59235637409829400
-0.57708634187927799
-1.12328545659618495
-0.81930765376558123
-1.33773688677028946
-1.00285612860358930
-0.29157372843886925
1.05697822609408232
-0.86845658773011059
-0.73436089095455459
-0.50305765253331669
0.45662436837377979
1.02924309635746258
1.16465142883709727
1.22281916176960781
0.13804961124742374
0.80568186185943114
1.89930817889386749
0.01709101988976757
-0.31467845963366947
0.92688613851178514
1.72437798011413701
0.55323902454056195
1.23984646403744181
0.55980705567487010
-1.80106303237203624
1.03271893856299934
0.38316118580166886
-0.56280215571630632
0.53304356674997377
0.37190961990890237
1.19184471981724571
-0.08982671301475417
-0.82353754715754457
1.53398422391181932
-0.46176811605363849
-1.00875496126636288
-2.34349893754802174
0.00000000000000000
-0.09594108950184004
-0.19079622162963314
0.00304933776438589
0.70711073810274205
0.03538228841119235
-0.08049733860471550
-0.80694992833263390
0.70951173162695458
-0.01308257783691646
-1.02674581769835105
-0.00210999269330762
-0.96318546004132832
0.13139725092929053
-0.22814853699090459
0.30448432308517759
0.69106690652562541
-0.58717733315268272
-0.47775069127225350
-0.78123778226968343
-0.29467164094742471
0.96015465365644270
-0.74555134696270853
1.27148766868855390
0.14070748483755929
-0.41948804598607659
-0.24870526366451778
0.41727971685221527
-0.49439027221024251
-1.31794405878944709
1.76781969984034659
1.78222777655283116
0.04699514763695508
0.25628614715162484
-0.73344067004294033
-0.46477910337218564
0.19945340197784292
0.76050564393196340
-0.45322434903379022
-0.50067496002114920
-0.33696653939568944
1.62548800593999898
0.65102877515168478
-0.70825837702216932
-0.45165990414414670
-0.29603077648669807
-0.94849606599070668
0.65606519847508238
-0.31591746741402010
-0.14261121556490627
0.00625283772996051
0.71800253139212211
0.49447039999777609
-0.58583773086976476
0.32830254240585477
0.00684630695269170
0.40874529000368631
0.00038868725686944
0.08805805666531676
0.00263027744921706
-1.01922872485091198
0.32203768843209502
0.40148070810229608
-0.56265163093650994
-0.30570160773751692
0.00000000000000000
-0.55184712091306798
0.25085189454721579
0.79005728760572058
0.88119428316889126
0.83123801759998317
0.67562077722030578
-0.96801905025387480
-0.62459526882402017
-0.79327423756469884
-0.72024489035178929
-0.22842205411039140
0.43003704232428719
-0.87931233463936564
-0.90380599478827506
0.55131508811577268
-0.05907282367999267
-0.86943025894146020
-0.90488914016608835
0.61261106076036631
0.64424355109029374
0.02659814637662583
-0.74899087909823781
0.47671219018843525
-0.13101504770603034
-0.31320288884272518
-0.67580598749618703
0.96227996506490765
0.30873463287390290
-0.56515581660047065
0.00779923185715381
0.40696859482526193
-0.49058972955570423
0.35118104449295062
-0.58000468765096391
0.51698261233560139
-0.30883309115601865
-0.37480038966713680
-0.61125139901413883
0.88300059483460469
0.58282162928990910
-0.32791083337080362
-0.14337238312550360
-0.79643606030961633
0.68376213488419912
-0.44633808890617388
0.24892380980719908
-0.90426832979898286
-0.66242295498140402
0.58649052587588413
0.13884504577379619
-0.23162421908103870
0.89144024996573634
-0.54188248907512282
-0.71211390596225943
0.78865734308387836
0.54870211269253888
0.18940214626914953
-0.59225494726180017
0.69888644438516989
0.06197584688418489
-0.15733680586005017
-0.02845555969847657
0.41771295958538479
0.02431209446183491
0.00000000000000000
0.85159827951644196
-0.62832601984518155
-0.44564548034887447
0.37741699375446813
-0.59193152949145045
-1.27811449802411836
-0.66310227923036114
-0.20662877790774165
-0.57010553352537807
-0.45928679655125515
2.36610235536168867
-1.22934086288466182
-0.28258305803208272
-0.15924362631975814
-0.91137715004290187
-0.05998045535660705
0.20802866021607103
0.59355014019492225
0.28162504416141476
-0.31818147253227885
-0.28069950673465222
0.51618638912025350
-0.66538691949820916
0.04631637362914320
-0.69333380380375564
-1.50584386753512423
0.77282340111411296
0.23846856669434685
-0.90707091403939188
0.24213004577515285
0.46654156632455118
0.58940730257334406
0.42967967620189557
0.28892946853055596
-0.67017413596938002
0.10229285007501457
0.21511813319465023
0.29323344857168315
0.40709265968244751
-0.94113859953267753
-1.73645339493008710
-1.64912838414600582
-0.92565015631025038
-1.31555436973798168
1.48801954429865346
0.31991961888687320
-1.59658285576176073
-1.42626028073586131
-1.15144306354357751
0.26877524942825948
0.62523822625892567
-1.02941946744313184
0.92199093944715915
-0.53810295278921572
0.59066255859080474
0.52951179599141396
-0.82610829655371609
1.17777502611341145
0.92184663478738893
1.15622588169528795
0.52778741360803028
-0.56440013783360765
1.02059847005133530
-0.82169915523645209
0.00000000000000000
0.04778405357450872
0.42154129953054997
0.24760719710264134
0.24347796996343327
0.63548297032984691
-0.08016303388621089
0.96940285017658712
1.38392471614815871
1.59803330492111573
-0.11221289538709978
-1.73372126875692145
-0.64693697093345615
0.34062727472880666
0.75060183278647719
0.19614114303809327
0.23258102327335176
0.48643939023794563
-1.12297827831271824
-0.55900395257895541
0.62194257419340582
-0.64693781510126880
-0.09724746871890463
-0.37786511978390963
-0.58483123620466848
0.02309575523987879
-0.16279741398904407
0.32193775222750481
-0.03475173160708235
-0.28318275539403798
0.25878919420280500
0.29095878109189238
-1.07784653924580209
-0.46458316072736483
0.58713411155154238
1.13837892389211137
-0.43813537216383514
-0.70526829035763672
-0.52799511068067151
0.83095228603331661
-0.13733329213945739
1.89970799087041908
-0.02046329560939652
-0.62857963961206442
0.82991858176017763
-1.86937589921042169
-0.18892680136515719
-0.41192308775983011
-0.05648078871655481
-0.74593489153116066
0.02301775804248103
0.36123413131751708
1.05442358195328767
-0.39355289287044715
-0.13247014679423716
0.54183516094266604
0.23357978298858509
0.01004725186305177
0.02178896021232697
-0.02230544756112270
-0.90840563265182073
1.25202490123383137
-0.06897021121976572
0.15259494394876136
0.72507282039445786
0.00000000000000000
0.76612178554760324
0.55954749312721863
0.31104267035832805
-0.23872649341171293
0.37119608695640050
-0.49018010221775410
-0.29864320664647648
-0.81487086805852227
-0.64512650916716330
0.80444781565012913
-1.12323153704208356
-0.62862394723836601
-0.09946501728228338
0.68612336272268926
-0.67620284758824079
0.10654974094377459
0.96175038789615364
0.27224229687940887
0.57708046781082600
-0.72393382037781595
-1.21453491366840716
0.30472743663824448
-0.00576405762736580
0.18200670488202725
0.64347041366986557
0.13642169198649287
1.09852223886148859
0.66458823865911798
-0.39793149038787118
-0.16890622166510538
-0.60044497743362502
-0.98106705557174978
-0.01614594153413917
-1.28893983735059625
0.98636065976315768
-0.52924167657624899
1.16429446825741700
-0.42972343121326295
-1.08974578684006973
0.00189567635151833
-1.11926342760225661
0.73096951285606482
0.42328900970165639
-1.21097119444950563
0.82379668770744308
0.22411648141005877
0.45239599002299313
-0.96802454897370427
0.00337950997071122
-0.09373018338624399
0.64457182580038241
-1.10993837663000838
0.94023880943307703
-0.34582974567860802
0.77729385742367696
0.39538684218065634
0.07220024542830167
0.97752677789978670
-0.32399522163901368
0.60109480214080746
0.46655551467954703
-0.69691161676432700
0.27068225625378639
-0.27331958913725202
0.00000000000000000
-0.46083534679502158
-0.15616869648732665
-0.09281541705296112
0.48049293943245736
-1.30216776754627350
0.84821134178127677
-0.61481028980574781
-0.34055759147788139
0.70602449268505518
0.36737117427742477
0.46343218786992463
0.57134111856360037
-0.26912631519857877
-1.28723044464052450
-0.42981684668979209
-0.26686847994739366
0.14193977860051984
0.11362898879744093
1.05576190625274946
-0.44347622719240409
0.07953395472720501
0.04448450344102482
0.29128687770311956
-0.68332678710116856
-0.77958874026028191
0.04235791221171693
0.01049664193779315
-0.60843351245699695
0.02781269339316992
0.00042962945373486
-0.63443095844980524
-0.51838825806166666
-0.27287901637937623
0.02606093622727635
1.17847462641652734
0.31282993896636191
-0.45107683540024179
0.19046130692720534
-0.12821786861124873
0.49105890599215324
-0.91956928768294699
0.07658645604378778
0.84575828117149743
-0.32080059724532295
-0.61446038974617678
0.31640137161736603
-0.30981643631123534
0.82581149183813574
-0.39264331423409293
1.16013402130505394
0.39329536842107238
-1.36039020827063850
-0.55249780774925183
-0.56672406466448100
0.49941538243588157
-0.14418863032315185
0.37618740631039338
-0.29456490378032790
0.16824461048829348
0.43919647444314441
-0.30642565914440262
-0.59607310538494773
-0.52206150015231867
-0.44080974533287021
0.00000000000000000
-0.19780733401825454
1.00699387012620822
0.75862757223463906
0.47760224282862745
-0.29855999048808729
-0.05286191366547077
-0.12251958708925394
-0.10777979061220055
0.51408132550499841
-1.34876692710395041
0.24880466298018036
0.68978316538014728
-0.52267568631061745
-1.77197696728787424
-0.32391350396617424
0.82108657547210195
-0.27591697627296241
-1.01944901067179772
-1.50887932837732364
-0.55292814006950197
-0.32098544581359895
-0.03697368626855826
0.80668324440328354
0.58908255149553657
0.48958722997210924
-0.11645434489540665
0.84117195462016969
-0.19413771640239297
-0.52655955583658465
0.74854439792821859
0.52388000960256509
-0.42044054037990625
0.35942290997154780
-0.45951377091869083
-0.96124216984196720
0.38444877183035153
0.53979211919310199
0.05114753655075614
-1.27784956229631486
0.63659459467881141
0.63981956411572449
0.65803448851833024
-0.37064391192251050
0.40282639755609245
0.02763384783122926
-0.28403510707490975
-0.21741285815304176
-0.15545782983139805
-0.73143817875699368
0.58205634053711419
0.09964887111656753
0.13050061701122384
0.16411290214186916
-0.38012285447433336
1.09984805136478703
-1.13214280997263494
0.08762240162984264
-0.19629835877786628
-0.29102442152791763
-0.35686110272706301
0.52385605398711677
1.54361364787411581
1.64192043885048444
0.09843273322612456
0.00000000000000000
0.94395118639321229
0.84920896390267731
-1.39120649400769070
-0.35997354535391607
-0.64796202494209465
0.26135381477979880
-0.43241840912482810
0.04259886671538322
-1.23083950045815760
-0.55219493966417665
-0.63966359032275855
0.59527465165016202
-0.55740014580522079
0.19174839750659031
0.08653136553968743
0.45317290850283731
0.53132357256004803
0.23660098774422916
1.34251888655823759
2.26167080987508307
-0.54916266691699678
0.18613785713871170
0.01915035941969261
0.33658313185032690
-0.94415755903581200
-0.05019564778942671
-1.08593644062230954
-1.24527313745230539
0.15323550565748584
-0.94071967890491148
-0.71239789240521334
0.11274334991780526
-0.02470902228321947
0.31902655975960015
-0.60564061458650342
0.71986093699178444
0.22922434133429220
-0.30746669840619989
-1.06709073067575355
1.19836476023786020
0.26649776141810994
0.58199173353688594
0.57826449151764425
0.38769290560260955
-0.03773277595363674
-0.20147164785078608
-0.42522434985865459
-0.42565561951748659
0.11390791510737802
0.71893098636580188
0.36447955208615773
0.79985193369947882
-1.24519776250803416
0.06255179479070226
0.36717908466218763
0.36242090363376106
-0.20155054860109384
-0.00976728637904272
-0.13153727942104684
-0.86847946268127918
-1.72776733810593108
0.32910341757155531
1.23794313195436922
0.51939167638299766
0.00000000000000000
-0.40152986862205053
0.86278952404299680
0.38011388333965618
0.05384617443858265
0.60821989544748789
-1.13587425226688388
0.59486565581546869
0.12631946665258209
-0.42479598949644060
-0.03065273446974561
0.42305555918485893
-0.82487490648788009
0.69142765343054735
1.14849584641622471
1.25303033407573139
0.77223196802755600
-0.40975728523066718
0.32884381048766459
-0.20169199320685652
-0.49420498052716111
-0.02034245982967083
0.33212311790906074
-0.28851976980702265
0.19893749778885098
1.78439369763138900
0.12571057807468367
-0.94514199210894390
-1.19880038653105880
0.52854801531133999
0.62802938848715772
0.76674041060443521
-0.32416593338999405
0.04671791901965620
-0.71570515202948148
0.38670278889033433
0.44605711395438546
0.51017922856985642
-0.04753136494765604
-0.38744321327873948
-0.14625583359637867
-0.12585280344397037
0.80731524847826019
-0.04969675626379527
-0.02144100776470583
0.56631838736615714
0.91822403964110066
1.18021049539584100
-0.62422497970336077
-0.50987511732718871
0.51549077004915411
0.80828131587331120
0.68735013579752213
0.59450732004349638
-0.29278158073722999
1.04502930346770251
1.66773393311788731
0.69235673461314540
-1.56730300306095938
0.89909876550862233
-0.75373661384699586
-0.02848625302842320
-0.93312081609854958
0.77160892437330209
-0.62503219720696535
0.00000000000000000
-1.71462641918224934
-0.88807816781624949
0.05652027660357085
-1.50560447617883741
0.76101435932568540
-0.15540434434809111
-1.12942073754347283
-0.88982807401146591
-0.77355368957203186
0.29301686872836918
-1.16306801980706864
1.12089131619590154
0.25654799113987076
-1.46253889683159399
-1.22757118347051541
-0.45630684468354005
0.01609823893776379
0.38681365783231569
-0.36844280581630345
-0.22107964532606822
0.11238692166047914
0.88995652895644950
2.89377144476112491
0.78050005983500503
-0.75855384336656528
0.66115841105396722
0.55391478417675388
0.09719225494996750
1.18299925225528968
-0.56474827477231782
-0.05431612666539898
0.35612034384277180
0.16872601396804293
-0.39922115749467940
1.56077773979108647
0.23850488323516117
0.50048612355243616
0.54327820556025297
0.18608362770855399
-0.18625310052602637
-0.28452036774196610
1.89532058489004074
-0.04686337365143615
0.17995101651551576
0.44562705237194450
0.77922766325752635
2.19042962093292681
-0.94114328938965552
-0.49169914114447955
1.01385679045878963
-0.68392019043267616
-0.99941584993306409
-1.08031016933529589
1.30194524644424892
-0.46452331899726707
-0.37931111014450491
0.38920853870516425
-0.34521399327600810
1.01431812889603612
0.23123703518724364
-0.61563008854400958
2.24924051685473803
-1.94627073805320028
0.26567088461321331
0.00000000000000000
-1.16958269344071031
-0.60349214423375008
-1.11944432622872903
0.06171805871492660
-1.14809072661565326
0.58330813345751820
1.06152221260550506
-0.11179083095063898
0.69823981777649313
1.50204938941258637
-1.17160791388173502
-0.44783922651420821
0.36722541097061867
-0.68923895670298341
-0.01162121310813462
0.10991392233372820
-0.36999570347717847
0.04490272811628228
-1.10791009468162671
-0.40658145511744770
0.24384293840260921
0.14428951592199535
1.26857348915248314
-1.13382672084046243
-0.90953124922771733
0.59769618054740492
0.28942734409962667
0.20902776170748508
-0.68379027280160976
0.17887415872997273
1.25967196632339173
-0.53392653944253876
1.59489147398216646
-0.43209213842671312
-0.52347273974193986
1.00579087447176563
0.87451239088210109
-1.33969793329388032
-0.22499726586608634
-0.41948098533689637
0.68733668482757937
-1.07025096555428512
-0.30365355032470831
0.74316786732258455
0.36721934164800812
0.65319545838367354
0.57734772145785984
-0.37767460298062699
0.83470346241723703
0.81361928652905824
-0.26602629251673865
0.76019757305061852
1.52801377511064285
1.02768779590360793
-0.19260677586304903
-0.15705002157420320
-1.27491244160526329
0.60592737354730519
-0.39901553942638668
-0.05932841057858950
0.39737728208892314
0.48788855110964496
-1.49103896157461624
-0.95031176110278937
0.00000000000000000
0.64948414593866732
-1.28931869202890126
-0.65328627629184077
-0.85843578467079451
-0.77419945549456548
0.67697383085821372
-0.64756347489250410
-0.93285883451554930
-0.48772045029922717
1.40449219602980668
0.16242615275957389
0.94668064134510155
0.03972104128907545
0.73531785629443069
-0.71004810077868752
0.35988208562273000
-0.00357529271641291
0.81582840679488899
1.75034452635147786
0.61598423804071323
0.24010285014057625
1.32673299538776712
-0.03843609510228863
0.42465548232285222
-0.67702661147605192
0.86915548603503912
-0.66258984616111294
-1.33834373717295474
-0.03721535991975600
-0.39742233725656773
-1.02935694952273371
-0.67370326826415872
-0.24604970150428696
0.61098186099438545
-0.50791641891637418
0.40149912702847596
-0.34172326314382834
-0.76369075027513189
-0.00502629071886972
-0.64540770008974790
0.74071219650797182
0.08406909026521837
-0.85036494847503175
-0.79856825777388152
0.10656903765086742
-0.26890149926856349
-0.57837839377026579
0.55980944767280816
0.18876479902029830
-1.07387350537719262
-0.65368422110777991
0.73415393999293022
0.50359119525421503
-0.02218178640739429
-0.05444332435920785
0.71954709627200508
-0.72171496833223514
-0.18676601858464173
-1.35420419146014082
0.18469845010406222
0.13601948481378606
-0.14673439406158800
-0.21587455841520664
0.32940971553222054
0.00000000000000000
0.16926446915739843
0.41203752961907525
-0.69135705641230405
0.41501652570271103
0.87060364695178183
1.38591944137701062
1.01409615259896690
0.51424679798700479
-1.38076414376402878
-0.29749868005106223
0.24304892195581604
-0.66358845736978522
0.23412965445897466
-1.74766954272294028
-0.98676956283421413
0.37057830088422089
0.10274793290140433
-0.09028024363620708
0.05181120322344599
-0.69409087570837624
-0.60508275334763706
0.74555561558967387
-0.87095175530515057
-0.00484890652435233
-0.31477167020249680
-0.68793856840537904
-0.02237006095119584
-0.18008762034749012
0.57694323684589544
-0.68870802829800859
-0.03188921477433326
0.06584734407685822
-1.34210963278200102
-0.66411680373005444
-1.17669850762543704
-0.77499558685426162
0.83776360395368066
0.52516680919118153
0.39959407877717873
-0.04372595724802915
0.28024260317143684
-0.26880434261156499
-0.37872470937695402
-0.18015596244576901
0.09381243603809820
-0.25250147944216161
-0.35036229038405314
1.20821395031828893
-0.39543206794911456
-1.83378797736455001
-0.60038276266204693
0.76248971966304002
-0.69383264671351363
-1.08810571909900045
-0.83522296750083858
-1.05703468900341457
1.06361126656168081
-1.06314030126412784
-0.09548278374093717
-0.16446191313279435
0.01671363641877797
-0.58550255347788560
0.18415714972596675
1.40070293141535651
0.00000000000000000
0.33179297414973352
-0.65400984366871540
0.53978206935206063
0.61048967805337828
0.02267159212372481
-0.96612103883569200
0.22559590899810295
-0.43533779644493464
-0.23730366768290428
0.11327538395499127
-0.62676943306336408
1.28842256585826309
0.78881142770058610
0.96127423070426921
-1.00188449851037786
0.37880858997961681
0.93164600562031985
0.00678781493840351
0.02581735337724444
1.04753733138796767
-0.91003268245824365
0.94373058909323038
0.57881362118901247
-1.45586751229110956
-0.66768857913964152
0.36184877418311079
-0.56864845105221962
1.53190728564512679
-0.58554252612552304
-1.10354279727781290
-0.58065072947663221
-0.39749637266513022
2.18600263877616818
0.93357458149828143
-0.09981783038406002
-0.50636612906263989
1.02756434779161321
-0.66993410710040435
0.62808309727702583
1.79011697657794477
0.07434755640837791
-0.40308698029196355
-2.43249687072314513
0.32637506386838139
-0.66405106773601374
-0.79049775694597291
-0.57541504325282233
-2.10060923296764024
0.90169374244738365
-0.07321774681013787
-0.62778200710705057
1.26889126019402942
-1.04635253882991863
0.14318123883811631
0.10355562660126419
0.42056326998183458
-0.60905239534662936
0.70404388314912270
-1.07557567335140392
0.40493950493827763
0.48441527178976851
-1.75735706664816527
-1.09049224352381935
1.25249509226224465
0.00000000000000000
-0.47345360245220114
-0.13880430062031471
-0.07467066601380665
-0.40642017058528518
1.29968257964906608
-1.79518880337599529
-0.18759294082922934
-0.30279671017962606
-0.19271391239340729
0.76950983587184296
-0.67011022091578565
-0.12481079573458666
-0.79693241449761831
-1.27596937489065465
1.15784425548711156
-0.37397554672478112
0.09726790137656197
0.86566170961884270
0.70489151295903651
0.60363824476862571
0.10842612688521910
0.45611820527696006
-0.89311909507102938
1.15007427762457670
1.17321717224391064
0.18904273238603697
-0.09621123129461734
-0.11326945395327129
0.89884126960641575
-0.09223934415294378
-0.19736766424441565
0.30270374579631459
-1.40885472411936452
0.77275867080919081
-0.47067874936735316
-0.07341966529227932
0.88958344642591625
0.85908397918281054
-0.47442415657778797
-1.09774954185179019
-0.63855006918204937
-0.46006723848654729
-0.17137231252829793
0.73708926582352297
-0.59641635681576355
0.12940864482970418
-0.62139377703967680
-0.75127291967655774
0.25814261895025792
-0.85506373781340106
0.43560449438238275
-1.30500842048439725
-1.18285360641902892
-0.60038297768436732
1.23256060178391413
0.26982463282601754
0.27626235605082228
-0.29240569441723746
-0.62225248067251493
0.57528325813603787
-0.51957536670334736
0.26493840345328706
-0.38033294560117964
0.94747037187402683
0.00000000000000000
1.08739018284265221
0.80019677664688216
0.28906958311591557
-0.23803683426931457
-1.51452144177242398
0.67589211967790919
1.05917414486775430
0.47199702553240991
-1.27279812617393295
0.81799487755196842
0.53579894269424000
-0.61048014275653095
0.36857558105368460
-0.29011540795009816
-0.86485612828800129
0.94537336433631036
1.38199624865710091
0.49780351260248096
1.47468742794070451
1.20042545404939149
0.50290944335310428
-0.27257785571086129
-1.04101519650140562
-1.23231311260345211
-2.44132974343737796
0.17956229403120683
0.53979291033180821
0.02811216861490152
0.39228478992749960
0.28359635222200780
0.43889401328967498
-0.67706964931941194
-0.54297349824427332
-0.95498707084609746
0.97479086824492978
-0.80288141225121623
-0.44275353464447581
-0.64251378759954636
0.11916051207682171
-1.25021697268790422
-1.14696061831863094
0.38527136333377515
0.06168776908500457
-0.39217453626405596
-0.36663093236844085
0.90856319831535493
-2.10286115420088837
-1.28114643221903757
-0.44033120763407851
0.23270547112384307
0.79708919884705898
1.60422896708934060
-1.05980037935098359
0.11071949318987084
-1.33548039507549765
1.22808360144358364
-0.94300072835068427
-0.48974934660596070
0.90078967027014401
-0.03554350232286593
-0.49166407877520901
0.41811839558406932
0.43616602410021144
-1.58688796656703657
0.00000000000000000
0.32983828306664997
0.84493491283366196
-1.05403819030262436
-0.05830272728962873
-0.09510255919577210
0.03613001408495875
-0.37333925598613565
0.55076407211066747
0.62072091531960316
-1.73511413868109954
0.69700379801733559
0.46264701274852321
-0.30916842435241115
-0.51029269467060856
-0.44136219685070022
0.72880440330262830
0.11179280954064272
0.80156439095112553
-0.75002403083811509
-0.78603573569651108
0.10988448073663981
-0.04317684296752672
0.32003323452794591
-0.55322752538592446
0.89487452314145566
-0.31162132310917801
-0.31499477951668375
-0.70891682488223051
-0.74654146043463432
-0.82931005057248031
-0.40424684370335345
0.14072624510765638
1.07404532317830448
1.01814396248251615
-0.49559031724059954
0.71686264007006761
-0.43373799755130032
-0.78900373187135731
0.77488433839613768
0.25396214131877898
0.81468338066098711
0.16902257258693723
0.82392399465750288
0.78212155109054060
-0.78263575924556061
-1.27336522642329286
-0.00832865912593412
0.69589515287225623
-0.31761844093348712
0.02097215853487808
-0.68750384008802035
-0.11416651043765425
0.41726250490414624
-0.07149035197393845
0.73296312507233141
0.60313769802229689
0.01788413969988687
0.76780489433809773
0.68221419440615727
-1.14090284878753612
0.24491730796414435
-0.69915588317197341
1.30583884273473805
0.39438904619669407
0.00000000000000000
-0.36255531082961256
-1.22664500792321296
-0.11026420263095678
0.69472528964120273
0.29557321988957935
-1.65312850222663732
0.00428445647967323
0.25946447494094321
0.98961804888264626
-0.76101158727070484
0.81097228470887983
-1.01152432811867632
0.74087547082701988
0.90470157355530201
0.69798856631778938
0.49887333172408777
-0.05252421107692877
-0.68548684087644018
0.39092418465886924
0.17407872411731296
-0.45208920567641142
-0.64620912946301656
-0.44394539419150747
0.17078102322253930
0.02743079646631667
0.51005358932736145
-0.01943682914242974
-0.56377450594221201
-1.24346741737136668
-0.36078800769229308
-0.13072720630428517
-0.40182338986255961
0.65558624441507007
-0.44506124184525708
-0.78971242625541516
0.39299687737462663
0.11393602692544171
-0.10961315505786313
-0.56488068579179240
-0.42279812870671674
0.61110645370348204
-0.38896648474895762
0.35499565497113744
-0.57988106594694455
-0.59706988218326751
-0.03393728660006952
-0.60650234817977355
0.48390928920286619
-0.02869407619880939
0.42644805736754859
-0.06214031062606517
-0.47636749997380418
-0.67697042154848797
-0.28398845924237742
-0.52160686767196274
-0.32021662465917111
-0.14105041427215351
-1.24111631932299971
-0.39724816519791883
-0.19728637664844309
-0.69800700305359731
0.46203063229657348
0.66865643277852360
-0.57057439499256657
0.00000000000000000
-0.37093270225374697
-1.11709985278417379
-1.04130171673484839
0.01848261938057976
0.90677013718272792
0.44089347251526384
-0.61314732503315994
0.42698742739068624
0.28419582974125412
-0.60446573861162944
0.14878240035432305
-0.54310893295208307
-0.29812256984545482
-0.30852453246518746
-0.67384725683960189
0.67795794192924586
0.92348875477805525
0.75402581485790499
0.87896003218338392
-0.24865243490017380
0.17933841858156807
0.16549844767269922
-0.74542759629466582
-1.19214227908016968
-1.96045578084286753
0.04237758457493909
0.89634169680336084
1.06301578763341342
0.29261545706951758
0.51793167363526493
0.32202333626745189
-0.74611738874829325
-0.36430418532835757
-0.92627564713406962
0.53674010864560007
-0.31409556633693547
-1.15906015083389846
1.11477839099070675
-0.03794023821196341
-0.43799111062506985
-0.61431210823364957
-0.78442587364554173
0.40865382758056129
-0.07181693070252530
-1.22668871195012330
-0.55142127248663131
0.11616975019646661
0.02700358943665393
-0.07464930328302549
-0.14145729876446037
-1.05381642982521395
0.09263161157447683
1.01972244129649670
0.14671377289476908
-0.98446967779306049
-0.31352036796635341
-0.33902707973925683
0.46174082209932693
0.90557774440605399
0.11382266886782905
0.25102891711110231
-0.22220974827944628
-1.21978110599998102
0.68971059226053788
0.00000000000000000
-0.79907384897164058
-0.45970354682899411
0.46002607857338562
-0.35632955648691345
-0.09178866129953391
-0.30640999778293482
0.73258813376588949
0.59572635996775247
-0.10372978332983181
-0.41768680970735306
-0.12436276408488070
-0.62830922729669214
1.78654712231867285
-1.93845924739321007
0.77234029539131521
-1.12387767503485958
0.42243932600205242
0.15770770185293351
0.45620640922320999
0.59203273055562677
1.62455679609853298
0.59071989013103854
-1.45011538956210417
0.35370474663601892
0.49290626803038556
-0.14017329195996595
0.81482363057326690
1.23091203212872302
-0.30074645672811379
-0.85845428415290592
0.85955773478811304
0.83489413245153377
-0.56364902026286423
0.76251868819500346
-0.32701746016151312
0.18883265526615697
-1.46700789607224658
1.00198217828773029
0.13946185044692547
0.38397175599049238
-0.64058089866684886
0.78099619974971113
-0.97620193091492491
0.85648705513311385
0.25618528082743980
-1.30866536231988384
0.71819634322720072
0.54475792929585087
-0.63427171476009669
-2.14343354338990055
-1.99547499696890962
0.97337357091559384
-1.28048733038393014
-0.73636657875620648
0.46073250410357464
-0.22193396180706698
-0.63668283193573638
-0.58108667059684727
0.56835601901678445
0.69541515323281411
-1.22573691480461378
-0.80044288720856605
-0.24942640286637593
-0.06747259790318907
0.00000000000000000
-0.04353904510679069
-0.61214949077026415
0.48689205201976793
0.41736453147067365
-0.90964091466394492
-0.30686227327460447
0.46530971027677070
0.36540527118182348
0.77419389204424771
1.13716591779915999
-0.03616288586201954
0.91611170643027406
0.57230756045999998
-0.84113079022622084
1.04753159014999664
0.89843854571715309
-0.02479643477269013
0.26619175189668148
-0.60926814846935839
-0.51301482030424261
-1.37844631348558555
0.23273230089408434
0.06040382509158598
-0.67544683434569996
1.15499693563135364
0.36542275744434044
-0.50015735164681774
-0.50450421078055119
0.49365070769571062
0.56284330827383899
-0.92124995501639717
-0.25053451909024160
2.14193208002849955
-0.01495541447666939
-0.52910474255047424
0.57285288369723419
0.93231990499235218
-0.78933542290655179
0.40826335027647748
-0.35434329089069722
-0.04994378548717780
0.66283871299485975
0.45843655902440644
-0.98516949723656744
0.49860460783657973
-0.60246531247921620
0.04936869400287749
-0.96044354654079600
-1.19069784573410375
0.28392084104717480
0.59022719837324211
-0.00232448921755126
1.77166006019098132
0.66338549686077053
-0.00140343038857571
0.47499324959143990
0.81795861118249724
0.03118764015040892
0.63501177739377246
0.30759409520969361
0.80475748952272985
0.46198164790273194
-0.29636603055747485
-1.47304063712042588
0.00000000000000000
-0.76312898447215161
0.71904556618505389
0.05110157338942037
0.41274274778743597
-0.34198138275924739
2.24802993200505297
-0.91499326454878649
-1.07985094073957399
-0.14914106137769509
0.86680747933368396
2.30689595895279709
0.28334714342566247
0.35806042950339118
-0.39433713857168901
0.03683699677802231
-0.64126568190134892
1.73439229485073354
0.66135192032637524
-0.25299736515326948
-0.69148084681559951
-0.12171844850865539
-0.30164861384676495
0.61429788898782023
-0.70091478073931945
-1.42148817175080433
-0.79484529124669778
0.96061836323185457
2.36225125423034221
-0.69458551928232781
-0.69037754863279222
0.27377984023399099
0.02522235001771132
-0.06940308486980017
0.01009444055034693
1.40922326244678153
-0.80149737123429554
-0.15039119267543413
1.66393104762862842
-0.43102606679547512
0.52160339860635530
0.53742426494654849
0.02257460279824233
-1.27667427489229568
0.77949080962384709
-0.94239780436072584
-0.65289891284264023
-0.64140615504233944
-0.03399448765517434
0.62405082696421021
1.31525225962164005
-0.21387956389519730
-0.21552637719483084
-0.62589294661350503
-0.13645599943911810
0.76554171823499451
-1.46092463275221496
-0.46325717295402757
2.26707131049677546
-0.67964227686207812
-0.45215662208398194
0.81424831104159634
1.07632539660460336
-1.59571233776222066
0.60642067784346687
0.00000000000000000
-0.71387560184896437
-1.00849036111952284
-1.50091257950172041
0.66964689565760260
0.35082673527176039
1.90090803211456039
0.63307920943448404
0.79334032194500059
-0.39559715521220967
0.99723781946546197
0.81889493397165836
-0.19579809871087053
-0.05697398247526003
-1.12250763206239279
0.54562184560097349
0.99883259097416188
0.63525579712302327
0.75955891520795493
1.67156814267283926
-0.09886776319618223
0.02375079855529781
-0.43752906149520376
0.62154587558990293
0.27746025330866891
0.54007514877287988
0.01558226049245739
1.71736361119287007
-0.34932754298191804
-0.24399532335087218
0.02786236110673438
-0.22212132944854865
-0.96542757090773501
-0.98452489149277844
-0.01240247342023644
0.91904776364393070
0.57440499387100807
-0.12918719779779847
0.00057100588098266
-0.33947010153070734
0.85906039230508113
0.86729070658296425
0.00306960747636921
0.37982455603980253
0.34226098748657380
0.44565775618400566
-0.15264991903999442
-0.87473736080562292
1.23114484601351770
0.86443052453217617
0.76639916765786664
-0.13822735768630376
0.43506618772858097
-0.29257482967937953
-0.10322043812782103
-0.01538752748541037
-0.95131824331691173
0.98815929840091032
0.00324038142844120
-0.62945135761886961
-0.37789004256852732
-1.05841983273041951
-0.44098426892470632
1.10418688406601162
0.97197167280789498
0.00000000000000000
0.92949418494223157
0.69280220013429783
-0.38723168347673476
-0.67984051886738073
-0.26677977691826371
0.62860413333562148
-0.77020298462793824
-0.11827201187700349
-0.41006341033679616
1.55300720689285043
0.17004659957414073
1.04870075912624627
-0.33830882032877818
-0.02902888025113851
-0.93909558557040029
-0.65060203728690635
-0.95417998460461895
0.79883220099344876
-0.20651361965044338
0.56215264958929456
-0.41810378141201787
-0.17326237101879874
0.93578461541478475
0.27568718299512462
-0.45780556614994095
-0.68813458154000218
0.05405730682147520
0.19940968308196408
0.44776536885386714
-0.83197643429983925
0.43265576589498167
0.73423846002630411
0.86347473931086949
-0.88053477397035229
0.84317214306431321
0.05348403191833635
0.27772090030570484
0.92467403519276048
0.02853843486996133
0.49165542648168092
-1.12545638260937975
0.16915261306654733
0.58386185725556217
-0.72806061951930146
-0.24710559853333561
0.71409870591395885
-0.18458859368764288
-0.62966543526214702
0.71788189378178990
0.86888149461761388
0.45358248340577456
-0.29213805944954219
0.24528934952433448
1.10954801113985724
0.45750951773073695
-0.76690051892371580
-0.82163547707464457
-0.23886749590042455
-0.26241209688213801
1.11465133935698923
-0.58775304138470008
0.59286704874390617
-0.91666580246290907
-0.89732722573642254
0.00000000000000000
0.35924144899060506
0.78603996599232639
0.35789527191185311
-1.14903397364608462
-1.15721747494460447
0.76124117148503390
0.06124445805294867
0.48696679881061189
-0.74175816732449595
1.89421544950465659
0.39661527635289989
0.20889994813610130
-0.35976867741087498
-0.40485325358582525
0.74823901979258123
0.23729073748058988
-1.65083876912329885
-0.33061617573677787
-0.75692220932809751
-0.84031713802140251
-0.05017489417405192
-0.49715798516481241
-1.12634989802972907
0.67723242331987943
-1.14856425867084844
0.32549467049494268
0.13121756064377871
-1.06434365191438984
0.02288710005083840
-0.96258714053163197
-1.67543499199029022
0.97230715941833723
-0.23447749669857584
0.60079609478563212
-0.56677224490638156
0.59501422891402933
0.55087312531367194
-0.57594175982833562
0.70661043217880981
-0.91455594425775377
0.57008427503227277
-0.73841477626654695
1.50012977249788571
0.26396881823497503
-0.20210088996588618
-0.25115463822974099
-1.30348313739485411
-0.22178466540901817
-1.47992758520086953
-0.06310428595818360
0.23683610601190383
-0.18613135726574398
-0.30974586012596850
-1.80615160326097146
-0.29965725836780277
-0.32775067799910024
1.09589234046112671
-0.60351757942516282
-0.84018972014030724
0.78873800305537967
0.66778708142378962
-0.69495386889141675
2.22470727108878075
1.30508099972349867
0.00000000000000000
-0.43246073781575084
-0.23005012003037897
-0.70558974907711558
-0.40265145156764898
-0.15933348119865073
0.03213341805823558
-0.74135006270287440
0.54131484357436777
0.89477810014109849
0.24394254130979906
0.69715298620493449
-0.90582525631699906
0.00971628198782680
0.85032661653453345
0.94284599696988036
0.09459948263202669
-0.19514599898216681
0.95962058656448723
0.81409221290497780
0.78974675710322573
0.83781617467933966
-1.10863635569425778
-1.10460771759931253
0.14277386948553100
-0.90798677570651076
0.09392926285236947
-1.17972917543312761
0.86255055926096447
0.03210804945131873
1.01014454232706830
-0.03219921206284890
0.65521119827654017
0.93337938340995186
-0.20004361821967900
-0.61981323605893013
0.11533375312877146
0.21552516877256181
-0.56216570480755601
0.57863159652768548
-0.27987467677497391
0.78305663594693586
-1.28050247326151245
-0.12568209022862292
1.11709353564274805
-0.56220104453695019
0.61303502763813800
0.37012131995302577
0.77261842042483653
0.67833506009742228
0.06310784916876924
0.01996073460858278
-1.07825051601966981
-0.71781699548631084
-0.68403069390249127
0.42213204646110170
0.14147812823848582
0.52693409776939604
0.72905674231225071
-0.07677452183428916
0.68087042328078062
-0.82912350280257818
-0.60678823186374931
0.61880973207134682
-0.34990285700131368
0.00000000000000000
-0.44699176721408335
-1.08168826637686744
-0.20453786077961403
0.65989665416526921
-1.02382328299864556
0.49807637586898190
-1.18036432355340004
0.50772180218515683
0.42871944647964938
-1.35195966047324334
0.43750332169247641
-0.46138258889505784
-0.58251877822085607
0.09532867497217754
-0.25915190704231228
0.00033592581213544
-0.10275208955285045
-0.83965921228463547
-0.64505785486490574
-0.55244590165604435
1.12360062840362840
1.12448055341709474
0.68058050157546002
-0.00750354115521842
-0.45365599267748036
-0.61377400336958965
1.12928771212613643
-0.37262041333682244
-0.12042143358608629
-0.56420010421518640
-0.74396802044936383
0.56674339730776302
-0.15228146181327207
-1.13855869621342221
0.10767279039931978
-0.56201033685458790
-0.47928823252238617
-0.74627803500483980
-0.71951417634856030
-0.48706470003662256
-0.04114251818997909
-0.25751162443317266
0.42894319443122653
-0.15311134703106863
0.58721624550058249
0.47905759705750373
-0.45571912296140765
-0.51128326231238930
0.49641037252357123
-0.73361450938218353
-0.84684914784981724
0.20140354247226333
-0.30907542048310793
-0.96556952083168013
-0.70399496100415970
-3.07438632602187933
0.34740548147089800
-0.88843607434514116
-1.30224421606194984
0.86260330402384489
0.64563794266100583
0.62520047523798361
-1.15637380771023390
-0.01929208253827042
0.00000000000000000
-0.85497038157169203
-0.29380879905166568
-0.06056794914907411
0.39831382573767526
1.60077591409702014
-0.08153666531445616
-0.51005060917221068
0.88206237799591614
-0.67793927249630237
-0.00849089888021139
-0.02265549136838254
-0.41986307358071617
0.36829634381366289
0.76226169588827530
-0.16687468589385906
-1.02109672669509188
0.25416360229254131
-0.76892477450715302
1.52310869859998754
0.21286267503110834
0.10908351743375673
-0.37940989172336287
0.28897772051048715
1.26782179917040261
0.36358901783909320
-1.05093610286171368
-1.05898918869496761
-0.76377426483604294
-0.94961505592652584
-0.20509219379173499
-0.38561331432244833
-1.00490751406038181
-0.78133462758699868
0.59061685911147699
0.30910604805659647
0.25990293556898897
-1.19614072703471086
0.73375911562953999
0.68894874301297737
0.47991094994011868
-0.56177416504165423
-0.54875171934574318
-0.06270028139279603
-0.01754985015437602
-1.08697559724250770
0.70567288332361466
-0.01044484520522177
-0.48808474686183179
-0.44842479474418218
-0.42626322307710468
0.27705382147815560
-0.21784618594709201
0.10835316926470023
-1.41865561284217678
0.08796762299162061
0.50530666027390803
0.50351746897768768
0.43250365673529967
-0.13274763682259474
0.08971482602137347
-1.36712589519918182
0.12715255464343087
1.11211578068457229
-0.45073659617400269
0.00000000000000000
0.83584453701384853
0.50206157859876710
0.25502107295758852
0.26827147732033585
0.63788410042237786
-0.13565457375859624
1.16814817918940683
0.51498265657717479
-0.04980511223943933
-0.64366335425479193
-1.29464841632130945
-0.18168243673461218
-0.52127967759094196
0.59226776716543372
-0.20614919563309300
0.91369445481722367
-0.62505568111031418
-0.05755354494833598
0.66255330304020554
-1.06016378027096314
-1.23142471314749913
0.75131529225362315
1.46047629655687827
1.30923479302821022
0.27408403224940631
0.15472126412337969
0.81844614264859739
-0.32616110054381298
0.76203288518264434
0.73150785386607109
0.09518614019261154
-0.65129125551460065
0.78317132352357044
-0.98920942789229271
0.41286438047294205
1.11064028046694951
-0.73227066142450681
0.02047715572204877
-0.68622677802379073
-0.09511329413634494
-0.29111882600047873
0.98595164069973307
0.67613445147859952
0.27964711956805050
-0.42817072761631808
-0.47980422701775505
-0.67441208669739738
0.32058223375893197
0.18358399268798728
0.46464629572151867
-0.60742939146471275
0.97120004748052324
0.14361625214315588
-0.48951901852181950
-0.89298148295546775
1.20559239217754444
0.57539308905307929
-0.25732151347576115
0.44994755343133702
-0.93478525868905016
-0.38022587669695007
-0.24853941417941797
0.99541875187951334
1.37340299233028240
0.00000000000000000
0.10993077420749066
-0.19145455597121513
-0.41478976468509104
0.61730364986700914
0.47114194620933686
0.98784811809650253
0.87817428652631513
0.81471289705829442
1.52603569372788295
-0.08404968724698696
-0.17718063497763853
0.18667424059053525
0.55204294935641030
0.60394190981207130
0.08639383053212230
0.14235911161028905
0.64551842439138452
0.87942713537247563
-0.29079683399281514
-0.21303959688242402
-0.31434770490334624
0.35142520679252887
0.09281457583458540
-1.65674661218571107
0.39100429632030304
-0.96839928547679033
-0.10747614533223289
-0.25431400836731266
0.67381829846710850
0.47165074195784196
1.09872792504497929
0.55388420464943899
-0.14707308197610861
1.12265161177587380
0.46989406806381412
-0.43750436984104707
-1.18762808290000788
-0.29888533654389626
-0.51326919503657231
0.49263655179468724
-0.63568173671757167
-0.33511579293162674
-0.04592385731503298
0.63860172787645375
0.21641139501794682
0.31279060016371779
0.36925082529924430
0.78356516874048276
0.03785923387614201
0.36828958415509155
-0.20673892956573742
1.29695249514409205
1.49480309958821245
-0.46629396780828236
0.02739128539070496
-0.41916955816105256
1.35543239212040456
-1.63089896626803776
-0.46695299374050914
-1.21631171428820473
-0.56807742108328507
0.34767409236590191
-0.27884351949943592
-0.39161133925472325
0.00000000000000000
-0.46560977310940771
0.68381942854892730
-0.44334062008538738
1.16490852651389476
0.01191990972516288
-0.72617901485748615
-0.35747685905045795
0.89409908730527754
1.34282834894515002
-1.17230127210846291
0.85474310066560266
0.84630123718495665
-0.94119725160014167
-0.02233811494497938
0.47137819057330405
1.64965875418390695
-1.70248551664328951
-1.02866426012706036
0.34572118412406100
1.00488858305862649
0.76636811959210438
0.35061666512540390
0.53733105298200734
-0.27443512473918619
0.13200096229465558
-0.02775975292695613
0.37247576277133632
0.00442102074756154
-0.62925778353371153
-1.13399778865029655
-0.35236005615309562
-0.96399266482142831
0.55838307393288733
0.39914944691699544
-0.58227225387954129
-0.98772259607857760
-1.78450119711120969
-0.02763899338980828
1.27830964728927832
-0.16657090000924352
0.51113609697004703
0.76161115491052900
0.18019234794944661
-0.06522643472234206
0.26785496788922997
0.71304189501429560
-0.75403315461786147
-0.81196283620010690
0.86211880028673793
0.50315268446423600
1.52139741152783170
-1.01665959856840193
0.27556007566963536
-0.18523219878164385
0.30848787086841550
-1.02039096583419542
0.04315248184351023
-0.00695303324851955
-0.11908338215159911
0.46836900491819466
-0.55746634996333133
0.75474934233301771
-0.09197194255977825
1.15730488974041079
0.00000000000000000
-0.23225201767159373
-0.93888260042060767
1.03446869781757367
0.70688350656683185
-0.65052645461349590
-0.09911614759588590
-0.34400686913676098
-0.32410725380852878
-0.86230627821621531
0.52942132522830343
0.13261690846164179
-0.32177428349050174
0.05280391679487803
0.30112370448569387
-1.08146171174375549
0.35284227707516330
0.13747915345523998
0.02705366966941847
-0.20367892344281399
-0.00452528048839056
0.39059817231708577
0.91129958258541222
0.67409272548431765
0.41986507718444993
0.29561684834558449
-0.45888302363994876
-0.09902940447905118
-0.22348899519136198
-0.64628750173602956
0.09599887398331436
0.34018443202267495
-0.39531847317406305
-0.13395839847398053
-0.30923232292457864
-0.43142569850646101
0.19778488333380739
-0.38729422582019429
0.62647314449350888
0.18802222872100816
0.98572140930890217
-0.76645254081113012
0.60874872738812802
-1.23618034011318612
-1.10799014839778875
0.30436215219687507
0.63101954238919167
-0.57265487727847086
-0.27933943811482698
0.55676290254802507
-0.30488499046499273
-1.04644358976818097
-0.96296443326442205
-0.78563511893950255
0.84524263183881509
0.07323012302176121
-0.52554960904532910
-0.82038535561618187
1.02753228783208272
-0.10601724259665277
0.90011906635983530
0.21895111281844779
-0.22430582841521568
0.41429221176004932
-0.49750684382728960
0.00000000000000000
0.47743721397420147
-0.97433207349690087
-0.60041727581512783
0.98285926512846777
-0.07436638831507267
0.05609386747187405
-0.19938814451857961
-0.02856963291646072
0.92362917490148966
0.08706626424721471
-0.04263611807525561
0.57538524953413306
-0.03327504219770067
0.56539145333090068
0.88999397699881577
-1.36237287072147684
-0.25937134518357280
-0.65966885555922694
0.20614832918861881
1.26054831598123274
-0.77195086047533557
-0.06395050416527441
0.05395006910553763
-0.42259663000231240
-0.59115762492255108
-0.72484606921724648
-0.73230069921844099
0.45881186039961708
-0.06097913982620497
-1.21407530076598946
0.85358173604857390
0.89764475177439962
-0.99804546150996309
-0.06887372382606370
0.67942979732798991
0.56841672794766307
-1.66751424439462181
0.07336069839894739
1.29737877411289304
-0.29475960065338347
0.81931916535526950
0.29998936965636147
0.58132395775660339
0.73437318993741818
-0.45399481780202300
0.40067915399173865
0.02566520454851403
0.13155602161940030
-0.64348191354662942
0.12361222886721672
-0.55243349723861646
0.43129747358303988
-1.23809922440836240
0.65300920848043398
0.64051170287940062
-0.00615670375951613
-1.56529543169515950
0.89178771253558886
1.10360259775956338
0.56833168004784784
0.56996179919494017
0.78403942272403382
-0.38907752827398018
-0.64966182027176145
0.00000000000000000
-0.88149431104024911
0.63009576112221399
-0.38630702975356007
-0.90003784425768862
-0.35610857718813888
0.38723494516932472
0.90353534147118841
0.16605405746416799
0.47621662384260038
0.35040622734919918
0.35797013901358726
-2.02643487641257103
0.97115830563502004
1.36096057526758618
-0.67766050752215468
-1.25323160353827734
-0.00448347778865533
-0.13600618367963876
1.14543609495656207
1.30488349058756992
0.60802692878104925
0.80439223882570254
-2.04049282120939024
-0.46273955183277976
0.25749432638433839
-1.00659232833087242
0.61411169469499538
-0.32831015215704851
-0.63188211388734206
-1.55958246791923960
1.02205192831584557
-0.57811332316075081
0.92523926721416305
0.46305138313168437
0.81504428496362002
-0.30002831388745821
-0.48691410733015078
-0.09907176376713238
-0.18484267297992338
-0.91485162211409599
-0.64169155830646696
-0.69890359289654291
-0.37063208001833792
-0.40014341019738559
0.29675950799437917
-0.51000290620163924
-1.53926270040369162
0.84453233661395855
1.20447118111142770
-1.32036607538239981
0.92560159090433614
2.09034273525897696
0.71467048921712650
0.66522851544473238
-0.44981436966064953
0.62113309960987251
0.29255451799886084
-0.76681065969667883
-0.40238467792163002
-0.72160001624680314
0.03388392702516238
1.74816788618298702
-0.05463531531609488
-0.55364984073469614
0.00000000000000000
0.08352708696635583
-0.79895872291918413
0.74674774562279711
-0.70638557183875417
0.65370866011166062
-0.44569421048161373
-0.21974241649726992
-0.95889006384140540
0.99169313485912558
0.63858516644990015
-0.80226094447586960
0.97607313405738449
-0.19532448063742019
0.95772352660177229
0.86063200564354669
1.06266263488324153
0.11141229686303644
0.20477071920429799
0.02362447653154836
0.21174689028385155
-0.12644595718532692
0.71224410855658637
0.05860055431172312
-1.16883290439369714
-0.45722570147999175
0.74062894044304561
0.17864014570692974
1.10096333753398912
0.76151386515275143
-0.20329533869142019
0.05273261593092417
0.47871029054540643
0.13923492718486247
0.22620382383884008
0.09281317296369604
0.13797527806322490
0.44253578368017793
-1.05992755737103650
-0.01594111096480542
0.72256528884802151
-0.19606356303600495
-0.10194137567021402
-0.91551966210037250
-0.12366917455083611
0.68088970792840153
0.42344766024287483
0.77529527528313280
-0.61100346859750398
0.47722993069278569
1.36471208474158545
-0.52251533615418100
0.03955943852337519
-0.21255878308330761
0.94757342037298542
0.30118646967777962
1.00012502668463554
0.74517874480681212
0.29045595639282040
-0.04448722644340518
0.84705699166092474
-0.12380708428766556
1.34779157538790595
-0.17851601563071048
-0.89415118736659993
0.00000000000000000
0.12310156591331206
-0.65120636190555781
-1.15557447867359198
0.95444002002258743
-1.06470231957563199
0.80050733152073905
-1.03467420347142425
0.47467384820386094
0.29384893382608190
0.47183522078626983
-0.41310447337582995
1.19286601706523210
-0.38215762084830979
-0.10271133649317861
-0.93828226409473003
0.20501488002572707
-0.77941036301039246
0.14207156981349048
-1.03778009577549168
0.95208008311530290
-0.30998309052921069
0.71783908921625506
0.38610808278092801
-0.10551278201271981
-1.46315188972791521
0.49715253577828089
-0.25808807948445173
-0.34694502118025156
0.59956644175966334
0.07525076060838502
-0.12928919147346157
0.11854917677736916
0.96206411584609908
-0.95136204288795700
-0.12818610706821779
-1.30047891574367669
-0.27010269459672376
-1.85058182031242247
-1.04359622586367240
1.14562357660693159
-0.31585315661892749
0.72199035350562313
0.82384568905454092
0.03193025669850295
-0.81537080047267330
1.10913250853647205
-0.66041733880417208
-1.35023922851504685
0.10715196939928401
0.67656717015641366
0.49303942480814561
0.74477275063602910
-0.08235775263867723
0.02361990690869262
-0.28051276295080757
0.56380193314131777
0.57141578377962865
-0.13039536538377802
-0.43676399327678539
0.21116619938478579
0.82061136809961344
-0.58076571093449925
-0.40489263854839747
-0.75986934493721447
0.00000000000000000
0.05377280030118156
0.62765909272467324
-0.25359407787089072
-0.42880102315525415
0.17019374758418859
0.96854120618250372
-0.50506549214636698
-0.60111778133223648
0.74076632157348676
0.92575302155889527
1.14484149188663320
-1.73345443157810131
0.02545404807839690
0.48537214917608396
0.82874701725598454
-0.77875131271218467
-1.11262300826100868
1.93992643260784847
0.01061187717812400
-0.90074981963563328
-0.48285345473607560
-0.21971328214681857
0.95886041703037006
-0.04143518712300080
-0.94710255509308372
0.51720850253330020
0.75622770741740564
-0.68703427811458229
0.80097144664211595
0.00378339548724054
-0.66944093345876465
0.08366478442055564
-0.30016218841926207
0.73034001240024793
-0.18385273946866310
0.79611493227277641
0.64373750035967792
-1.40337680458552261
0.68898861591170224
-1.43961923560966998
0.77156203126293288
-1.43251308110072184
0.35514130970653940
0.66305199816385130
-0.21623943257826664
0.40916833105776312
-0.29015200469840713
1.14866038168267770
0.38323654461062562
0.61503593230911580
0.16740858595717362
0.78381028906737971
0.52262499207382884
0.06515661486646261
0.61215502294914592
0.95591454353849448
-0.31244826056322506
-0.05750184176762668
0.05677755624689425
0.72496631255550892
-0.19685776938439592
-1.35633795991002026
0.07417490625768887
0.07977853377848597
0.00000000000000000
0.27420579651196159
-0.61883847007454806
-0.51617924765689283
-0.39758394027383981
0.18106075760940907
-0.55467127719982068
1.24996611843702921
-0.18913357263212477
0.04112878197658373
-0.70918214138730262
0.47266800818459215
0.50892601016233652
-0.71696044643361512
1.11087740603861396
-1.17651334093621673
1.46150045137743834
1.12023997286881127
-0.40772313532282262
0.19563302545448386
-0.08729131532212638
0.45908275198621645
0.59957382041218876
0.79606530605414028
-0.83336902261642631
-0.35915472057756109
0.34665231033444166
-0.97787891232991886
-0.43196871465135017
-1.08571680490172717
-0.18419947626234370
-0.80543942395945167
-0.54131405871344707
1.04790839420851389
0.49769405346181178
-0.71814494314640520
0.87768894721596402
1.02677664323266460
-0.55259132035366099
0.38313854594799113
-0.23863381855910007
-0.58104510500677442
-1.16896904036256943
-1.21051352804215107
-0.10958905412594161
0.10067615620449932
0.07568309933635017
0.89960921850093667
-0.18370435740011290
-0.63760771452710185
1.63707374604547229
1.74158264201813839
0.89178005769331570
-0.54560644919840806
1.21141147836221963
-0.62712011214035845
0.74544803092485501
1.31244279337098479
-0.17986147857708318
-0.92184478984180407
0.18851998632101699
-0.65990115658567816
0.16488418729109530
1.24187803689154763
-0.39109674440789316
0.00000000000000000
0.62269995307097403
-1.13258691536680578
0.14214883713775434
-0.33807049870684519
0.37791528555896942
-1.31003120289943520
-0.45048328256813269
1.15159969397579132
0.54863527288444380
-0.45492529654695862
-0.22008409772857024
0.60596714243892769
0.25682919690811334
0.31304586808547069
-0.53179354323129846
-0.48041351949053002
-0.55162577220232623
0.18330468715958415
0.28017756646333836
1.14507537088561939
1.21048427840067752
-0.42696049157723154
0.52805014117386961
-0.79138709646457628
0.48791883006681075
0.83549838654338637
-0.22941225177681826
-0.34172379081460230
-0.80496477743835471
0.82842777987465821
-0.07347628604452200
-0.32853946330724554
-0.56897691443063458
0.08197831566295645
-1.38650252623772885
-0.16545919690439631
-0.04065490879364347
-0.30778903705472355
1.40353532657766977
-0.63985136595042102
0.47362905260473986
-0.60390493401665546
0.13854375476933201
-0.69245432786822281
-0.46835097990319452
-0.55152966305966444
-0.15929670678723609
-1.29470729843793064
0.29077441338474730
-0.63846700340352536
-1.29636369171112920
-0.70127298144255457
-1.32551285621234083
0.31555423682334260
0.74600630794431388
0.48878799903046105
0.21286351409649504
-1.00156296247562793
-0.10583197981790764
-0.72118278090138821
0.25861757851561384
0.91672711599109802
0.35806915940535300
-1.21152555321625766
0.00000000000000000
-0.69783652691627074
-0.17446536476949859
-0.67357011058570893
-0.02282071896955730
-0.60011448587888538
-0.88501974129868433
2.05712035837570451
-0.17853693103905408
0.26091135279729855
-1.24267460421237930
0.94005455709569508
-0.48713485449766286
0.43070867414629227
-0.73851631911250804
2.04370796845792180
0.59682211189595158
0.19732232574496039
-0.10532078014401718
0.78728976971660181
0.47324976850535805
2.17776852962233747
1.27104003406880040
-0.68576288007948161
0.08236663266056812
-1.32124620782105562
-0.06470046889372259
-1.33751891564605052
-0.84116024497305242
-0.54530483396818441
-1.46215193990911319
-0.25753154747121021
-0.54854693985266723
-0.63468375654764664
0.45731668681959076
0.59155166334664822
-0.28566071098775003
0.17912759088229468
-0.96435326924889408
0.84064650109090755
-0.71117962697168446
0.09469480122788783
-1.03674998746545843
-0.15658112813064720
0.52918300949062114
0.69798277801054964
0.66661921887022857
-0.90140898080791176
-0.61547196698628537
-1.07959505385493837
-1.38343613160797996
0.29888839747282953
-1.32812808733060961
1.23790402352282736
1.18283000200578403
-0.44196550837827608
0.48021098956209579
0.95285963002644092
0.37174597241210489
-0.51652548510346175
0.98920079939841332
0.42892521787106591
-0.61582546322063725
-1.29753388049614116
0.66682554109009085
0.00000000000000000
-1.15440628082065722
-0.70976649396536129
-0.09739791730739981
-0.74630893290798028
0.47455176792616605
0.29005909893395981
0.77876390918769789
0.30015219781826524
-0.71781020022371589
0.35420023253399674
0.57447587440600345
0.22159100214287647
1.40074874112188663
-0.01676439219026668
0.29346514708053761
-1.31502138061393459
0.27230970979830654
-0.20610253979787085
0.51932900857616671
-0.00063497061634303
-0.00379306010502885
0.38486949812172544
-0.01196493750121693
-0.33695800712087431
0.10482710717328333
-0.75532459081902537
-0.53975360442758624
0.84306685770363943
-0.70677904330859354
-0.98023791136040872
-0.26235252259874337
-0.47316468400843115
-0.50229458129008131
1.55997845339127039
-1.04949170940391823
1.10921249301993363
0.36648632045527896
-0.66586657695373241
0.72691006451716533
-0.69365332128307466
-0.74116038592375677
0.22651038590018971
0.77321048883957466
0.52749974986887860
-0.22993230756984767
-1.09801231402937605
-0.32538955286492022
-0.83749112183633401
0.91068941531458725
0.31656177341366004
-0.28539398441576613
1.00145363279001920
0.66304874969607708
0.36815728721661872
0.14857711227539555
0.07516749829256275
-0.37700450849678196
0.52370763375436524
0.23917503160562753
-0.18741255374247537
-0.62001150257311499
-0.66008735938260654
0.14175327339678317
0.74334117877932560
0.00000000000000000
-0.77339471375112523
-1.51954060750367859
-0.31848486906279994
-0.51358426932779533
-0.19395652184187276
0.47824112769434685
0.36514587453414010
-0.13064025228327719
0.46186075056820158
0.07006424635227500
-1.20772659240153102
0.10245989958238763
0.78888621154222083
0.26877337506307269
1.18949998116637246
0.67798572499095311
0.12358131406766140
1.35286196127897029
-0.39883610352535720
-0.19838328679773490
1.37510202809684090
-0.90103026211560211
1.46321489090961099
0.99416503225786435
-1.71747066265164205
-0.98063195070846909
1.33983190846947164
0.32267826244057890
-1.10424338471958494
-0.09464134654243574
0.65909577916901629
0.98456897112920438
-0.33409477325452919
-0.32470708027767392
-0.96011971039010824
1.08314458966633986
-0.93629201312270638
-0.03222403491808061
1.12947370769165434
0.79095014729229252
-0.28363864051796817
-0.39621643984382471
0.39229804204385155
-0.01893029296793279
-1.02557633001531312
-0.97120100260697706
1.00695872869819292
0.33962537753689287
-0.38881468421275284
0.94700671898414512
-1.07067690918015734
-0.50194900361086214
0.51250611941168511
0.73451459841369460
-1.43446729034237697
0.72314443467450984
0.48551468268352649
-1.22593530251661598
-0.32621876535312572
0.18717538077872525
-0.80965376541170664
0.80474339083508517
0.33513256912702855
0.67608707733084139
0.00000000000000000
0.46533719630622700
-1.62649937250842624
0.59086505316169247
-0.03627242598709620
0.71109339264847871
-1.12535583282616325
0.15429132915506524
-0.64309589151633606
0.05898769792923694
1.37288318945298293
-0.04352099743653943
1.13243250607435075
-1.13937561620276484
0.07918923682524612
-0.53408733285258569
-0.16737971438071841
1.11763792786799399
-0.79687154992606313
0.56563072143408100
-0.33296445933073010
-0.23576946819804401
-0.80832217384840455
1.14272677275157197
1.30525439789436293
0.82214621643528485
0.50458287721593631
0.39121819930448409
0.47579283049407761
0.55467707932924948
-0.50255455888300660
-0.19006732100358528
-0.44477266089741840
1.37401974146287809
0.63441781894372706
0.54621160491542275
-0.73072411181827512
0.39652504919037890
-0.78276969231618299
-0.05422146007588217
0.99863448025302670
-1.03255950299350086
0.62532401087361345
0.64361442635316768
0.18435723813841559
0.40388983796639422
0.15168107348696155
0.38760177963559844
0.24352114763021665
-0.05789838505712865
0.47079248576457483
0.23121924468264199
0.28915864162589627
0.78268808973767501
-0.18259041145779081
-0.49294258214610703
0.27212503742527600
-0.06469804984545231
0.09203935454294972
-0.71825602237540731
-0.08044098412141015
-0.66539756412379336
0.57126429122496203
0.26126718175568225
-0.64296273919224989
0.00000000000000000
-0.05840875093315700
0.28965396006518213
0.52275808066977036
0.61808198074297438
-0.16456415208438671
0.89542666449511321
0.93402545252790647
-1.02159637467660303
0.54506741666148650
-0.77830329044024094
0.12173567719867381
1.83120544267072427
-0.19389638974085385
-1.77077229871781250
-0.46576236908391433
1.77258920863017555
0.27062808987132325
-0.37210344800531048
-2.13168226240774317
-0.13211144003052325
-2.38798516569437691
0.45802000682572697
0.20998368609554549
0.35676992633992360
0.50768740796518985
-0.12266006592787633
0.36423618897390980
0.38453002451379403
0.91226145795166158
1.39932346227893101
1.13433372975282376
0.81431056355591669
0.26698193734352488
-1.19564500785697292
-0.14771543866404582
-0.92082889607488794
1.62412752140137129
2.03498010305190391
-1.58516790814453334
-1.21617015426479069
-0.44315251535527789
1.77024851475730705
0.99927523819005060
0.09022167089396720
-0.58659374428839717
-0.59688011699624355
-1.06212993579739345
0.46220893007606217
0.51961730915191939
-0.34183421917130297
-0.67254178086782268
-0.23622363900408283
-1.87938921986638263
-1.51070079016751690
0.26307756040476282
-0.92428624902119172
-0.13637448420266854
-0.69351199353375514
0.04989712758961888
0.74855131028876354
0.20560556218415130
-0.75494111072320935
0.01445044617407429
-0.81384061849193623
0.00000000000000000
-0.42472013756507382
0.17082401063599501
0.48852910976425673
0.72870163532435195
-0.17230619359436633
0.38281322765735182
-0.39006662061680603
-0.43770723744484102
0.27692549623796392
-0.53490546859806853
1.06000277139690380
-1.62551250460633789
0.63787492686204128
-0.38283539053676774
-0.20306313903186549
0.36900866759486278
-0.08426467257318919
1.12338575370438676
0.36551272817815156
0.64948113944454200
0.75601536935958846
-0.73370953748625045
0.45373289073501133
-0.43366214277731568
0.04806902182896246
-0.91280566211962122
-0.97537297898319875
-0.05458207015068869
-0.95318108969096493
-0.19024759574651726
-1.21926047654891878
0.69536781224823585
0.56307023982347404
0.20012263257334428
-0.13256248419880956
-1.23320976079215194
1.38703842481602013
-0.14020110035360644
-0.38795867780010357
0.33465645329423932
0.70611513294656292
0.81411053758872676
-0.07840459124510779
0.14746487472011727
1.35118397669460899
-0.96622307949812913
0.98774402745017309
-1.21306963900135645
0.05161669967552354
0.52082343510836271
0.51882074017664837
0.47408164886559517
0.34331130741721572
0.28188938988593454
0.54901269209345260
0.34820512649639579
0.18052558001883179
-0.54743785511564591
-0.40457542914193906
-0.19044455468797855
-0.48453769719657774
-0.97860423237455152
-0.37870483780756364
-0.69067685809064905
0.00000000000000000
-0.05539294932555010
-0.49335772197161104
-0.37700626065705251
-1.21494261230673350
-0.81092254270293995
-1.39307169008694620
-1.26681396245605682
-0.53766910132751711
0.29027315922565383
-0.46673827698375980
-0.98254703772684160
0.78272888474842184
0.05114448641098109
1.04205486746335940
-0.06550001867068335
0.60236738965020087
0.41296199613852302
0.95211231003686858
0.59939689012485797
0.84869855469027777
1.24216878936228214
-0.64879134674119776
0.85622129073893316
0.23786779960441301
0.62604116505087926
1.19808177941943050
0.18555572176340507
-0.75536317262588293
0.22222592188918588
1.18722081515469791
-0.47411204591310979
-1.05516269213820868
-0.11219215571807216
-0.41596941013897015
0.16117779638543686
0.54392232691418962
-0.76819749672552229
-0.14275814097187886
0.30991534058909354
-1.63154056096231992
-1.00387861486687946
-0.15968668084037360
0.15634951204345773
0.65121938187893513
-1.21808537133614303
0.64165547066806761
1.97661837963223164
-0.75869349692957033
0.46442549591191212
1.12979353257401938
-0.52312682148866252
-1.19239966247759677
0.88243874758226581
0.60696200069792838
-0.04537530438084475
0.85688170847109224
0.02338094334524226
0.30474000584138733
0.62913138477293251
1.39417997567563856
-0.35318250948007346
1.33599452256225759
-0.02167051068538022
0.79239912086376973
0.00000000000000000
0.99439661359298093
1.91496551954939886
0.41613484331289596
-1.19271069209508607
-1.36400909579550333
1.27837312434721184
1.08335584452753575
-0.73540075820537409
0.98579891168181899
1.27769551216796007
0.92111250431509317
-0.15189890046945601
0.50386530204299473
-1.05263137489910408
-0.04320920523253412
-1.03356547076570782
0.81571364967585691
0.11542660368400791
0.61743046744906793
-0.36680121777020730
0.93274434188512201
0.43500395583668827
1.44001943099531737
0.86056277409743986
-0.20977929542460330
0.18178052728840266
-0.85293893201679016
-0.31153757519598324
-0.22153361229238769
-0.83583358214575099
2.42069231882294922
-0.57987936769605264
-1.17028493238207165
0.18067313215915431
0.20454261066465862
-0.29663788446761635
-0.16542131508305100
1.12490661389027857
0.39250455689017683
0.70902090767765447
-0.95327454651750365
-1.16391245389392184
0.01138024127587923
-0.82422682053970187
0.20361458148941688
0.56675060596442861
0.82174311975203951
0.80468305939629814
0.89482068737792719
-0.73654271912464486
0.02003794536219192
0.95475654727031789
1.48476840130965604
-0.07225230550063572
0.62012466345043904
0.00267996742177434
-1.01764078136840408
1.20392571527133518
1.84882095126717116
-0.88495866263947820
-1.09201071401453986
-0.07873340808608295
-0.05768162294795799
-0.37729283461749746
0.00000000000000000
-0.48085805868167958
-2.07276759106498742
1.37219041586492363
-0.42887067348207031
1.80221055413724618
0.02549543767391318
0.20023050119484395
0.17057849477408868
-1.05467517776940634
0.20347715520062307
0.98440899878015486
-1.69416878711904628
0.70438873571677585
-0.51279206202326599
-0.68740179600758811
-1.25507172006401868
-0.39489383434222608
0.61437618826404417
-0.55267207792924589
0.06951036957331484
0.60000186612747863
0.23430972321360777
0.53539764554347069
1.02954003275369632
1.23154496989810114
0.13035017787795428
-0.99818151409075706
-0.96119530303109613
-0.64076123747276148
-0.15367570641475550
-0.60706810831472868
0.01418550563368132
0.04945615721254594
0.90489015120022287
0.19211615977934332
1.34030575699492482
-0.99728497939751226
-0.95136016095912501
-1.55754241647651326
0.01085024996941284
-0.80954806290376646
0.02947471665261487
-0.17676856076112807
-0.36134976644081429
-0.33444058463078913
0.19540099339035008
1.19623345411713422
-0.05950943727810142
-0.47335559706204783
0.42601140901227452
-0.43375023912388339
-0.10003849126655480
-0.55108971367453186
1.29970341194569117
0.76243347824837038
-1.10319129610174871
1.22230646934023435
-1.33993129545628742
-0.28219663606249923
0.30518835380137788
-0.47848640231644057
1.14390546710244223
-1.33547285851517938
-0.89637479470839021
0.00000000000000000
0.63229496426630483
1.49677520076552084
0.14207874544117624
-0.79577909530105573
-1.32360054647875724
-0.86740288610949257
-0.15971476558706288
0.19576523459098272
0.35667316943228777
-1.25004517694200090
-0.78324676693550110
-0.04700839246124235
-0.91735864897912600
-1.29992629207842847
0.05028495419581273
-0.30670480899920183
0.51718267800366247
-0.89059252377039289
-0.20855588371527137
0.47214420639061982
-0.41589883470370315
1.22447423511663511
-1.69069497428110238
0.75270860450912558
-0.04609928962674327
-0.79006906095796992
-0.48086100900177348
0.13460550413696148
-0.22849731193927686
1.50858998861492100
0.28453845061393562
1.05257502148289550
-0.37506328681068291
-0.15949611888321807
1.01534148335125951
0.12118455500860001
0.74589359106822117
-0.53111553546323409
0.22432032971201654
-1.63432488286696631
-0.03135527748135231
-1.30055390077774002
1.72480363704372230
-0.12838477974417725
0.93578458588278768
0.11730790328343495
0.29016076708393812
2.18687564221858333
-0.14060904954059816
0.12313170286357354
-0.65070057239558443
-1.35612120765424704
-1.59386848528140757
0.82739423703219861
0.92587572737987223
0.73111722407547586
-0.92605670300422904
2.39813720438858002
-0.87524436100213154
-0.12446900852150017
0.62790269555909395
-0.90929358175425690
1.22824735337371038
-0.36028695132916472
0.00000000000000000
-0.44473704871176273
0.66087755925208702
0.01874974014823040
0.09768336197055129
-0.17131735561669459
1.69963342431273112
1.20460468496423334
-0.27526670033480111
-0.90930771871202265
-0.23577017630291022
0.03547543768601098
-0.83658009825362978
0.29941679457935366
0.29249865803532504
0.41620496523479850
-0.44493943711942158
1.55567829964053206
1.11793868076429059
0.27466194588974491
-1.29054996961882540
0.31526255050593394
-0.63541731200989027
-0.72166813208217617
-2.31707886773017036
-1.54873249552608860
0.26152241909635060
-2.07906938219337922
0.08453013311159521
0.51992017736182428
-0.34612979340776673
-0.73188104309291779
0.02082199970902711
-0.47394881709712633
0.20288044009097189
-0.71212828927146576
0.69467216336924176
-1.31618897783974642
-0.58426726803565598
0.35715983807596596
-0.02230703322764501
0.43706771222166724
1.62089988030224208
-0.01053690882130255
-0.64371525593593248
-0.17218759787103560
-0.22572571644641007
1.03945947609467360
0.11790942891211247
0.83898428074311227
0.10111950505297435
0.61860169928976427
1.51366385963954087
0.86158414916288539
-0.37608157185652924
-0.27439289507186043
-0.81462296549176250
-0.20186591486831718
0.95187688278722682
0.09090774570096120
0.52643327975728349
0.53561532302699133
-1.36954932244966354
-0.13036799024360926
0.47156807175536913
0.00000000000000000
-1.05615413156377214
1.16102774258168773
-0.01262991078298678
-0.22071423352802830
0.08010777923927753
-1.64198779904759817
-0.10373877538497291
0.00217154672508590
-0.02021756856136568
-0.06028984114713894
-0.25104971139938909
-0.61400022494031625
0.75097470369369912
0.83784599964915407
-1.25118754037393098
-0.60065320388609011
-0.55125053700739035
-0.79134856407727128
-0.22886515297196314
1.84325619008511121
0.31983068320210295
-0.41119817937578340
-0.67925799912959428
0.29600397070040330
-0.97171771019480435
-0.17344040371197705
0.55233903011969276
-0.26354393301930529
0.42688233613272297
-1.08210059007937831
0.40534249193758259
-0.28709587906487538
0.85932187223245304
0.27211862627621292
-0.19890851155396086
0.35789289235905569
-0.00317218865311594
-1.69910382469469678
-1.00456717330946632
-1.37636858823644026
0.60134649501402238
-0.03817465518742957
1.75231663864688847
0.89862332826941516
-0.41832701210418266
0.10238291491982075
0.66953289515304704
0.13597519682240591
-0.15581307820381193
-0.11995907718669470
-1.07036673306075891
-0.31677471297899989
0.07876036550303016
-0.76368621259699521
-0.71098718149065143
0.93940260248484997
0.90086136401639572
0.29022637139931884
0.16938431357962916
-0.46475830418670377
-0.10937169420571827
-0.77367190413719988
2.25825652608901928
0.84079433177367879
0.00000000000000000
-0.08593156487770454
-1.13469030853081976
-0.00018226319304587
0.13173195545998451
-0.06315737511499540
-0.98598386378408609
0.96245094601235348
0.71918383284402887
0.43058330166399073
-0.18406039719764108
0.57520688711747603
0.93751118795823563
1.20994687607494433
1.00696734170934676
-1.36121029408753014
0.45008842657086034
-0.02736973025587609
1.52886215565395678
0.02313013820783761
-1.96756631685413175
0.93385729113763727
0.13203974802590235
-0.94820179655008197
-0.48373719564253898
2.14074674846484569
0.29191756365939803
1.96110113083133442
-0.00182110939651592
-0.33327947758308418
-0.45856686221320908
1.22759254825279140
-0.05667584944588725
-0.70911060650706026
0.01109268238268099
0.10462433593704913
-0.81586123518199372
-1.51372557648178052
0.97932654273813025
1.55373393671368842
-0.77087921510999158
0.39084415998177857
-1.94759338502320833
0.34641589998776562
0.28732636927156907
0.48355185685919350
-0.42762380154652463
-0.23918687740418551
1.47751108836192158
-0.54123290417524095
-0.82837002035156626
-0.59201554680062896
-0.02336568042191771
1.32127649370412281
-0.14859749666399377
-0.41572776345996909
0.26645870719009113
1.36508462723051816
-0.91416706582095120
-0.65922656622231557
-0.91972755212546953
-0.35063507372408087
0.24081735831011328
0.53795232439322227
0.15824200019135651
0.00000000000000000
-0.09177181897706140
0.80486561768796083
-0.06373029911430064
-0.99710834264654125
0.70659388861388228
-0.59000563823550678
0.79969089023426254
-0.09662673145588491
0.47581149391497291
-1.83327894667310520
-0.56959146803300498
0.95795380210837244
-0.22698504112045217
-0.29475173293361645
0.08308929224426762
0.21187879235005411
0.51810924860425023
-0.06139190475912414
-0.33769745001443535
1.40156081998460214
-0.81214856098472132
-0.60376110315096976
-0.39954913963718852
-0.56756336934290030
-0.22793507074603064
0.29149122120863069
-1.76825714550914359
-1.59967396585465527
0.24550950708109676
1.23361976473089263
0.00230982792871114
0.51294876603932715
0.51889443091612519
0.22314507830412708
0.80943565873139278
-0.60407084649262766
0.60321616324062644
-0.67259871963073814
0.29648503835882506
0.35169875695993014
-0.05014112043093036
0.22717241751390563
0.90582119494845592
0.18233091811049718
-0.22610759229047017
0.74969940551387304
1.74983705738889528
0.80710007801431771
-0.74360383194595203
-0.07024333572874258
0.44621724072304986
0.25408079937687700
0.18606135233009860
0.30764248670926114
0.35342165991231511
1.44960030223106351
-0.05481820197338549
0.38759592339094479
0.56115212218984001
0.08543675410853881
0.21922258015583110
-1.60641710833926488
1.11369340272483131
-1.72583503264855787
0.00000000000000000
-0.88748766467738061
1.53676579576798833
1.69242303312863140
-2.03571253286537912
-0.72374580288631141
0.81314040955619404
0.85293854909782940
0.11315543149937046
-0.67226279385233934
-1.22579117230341184
0.57960887091312363
-0.72030244519610342
0.76606798958483424
0.46202257933642016
0.90220381074413114
0.50772187800519386
-1.90028841855733255
-1.17030770905358383
-0.26305728827342434
-1.04314752609549055
0.43052685117621858
-1.20265819891971137
-1.20396501442184856
0.49981515601066151
1.38463029153677564
-0.61050048632631104
0.47534917456375286
-0.35862699516590196
-0.22381261738578709
-0.52070202361579054
0.27296046087580050
0.38627639878215880
-0.00032748569802680
-1.02724130054966878
-0.51552576020633001
0.81483733519650425
-0.83889816536908313
1.48620974271372108
0.60548691911248276
-0.42263135424486442
0.12494825345653289
-0.30040041833254005
1.48441128880314621
0.90472408206897503
-0.74959179260028541
-0.29017136069557475
1.18159148205127984
0.95140372920402594
-0.69743821588459987
-0.82665069890698628
0.50394607027871618
-0.10289911349721308
1.42197191163328163
1.27160410247119726
-0.36882910510279915
-0.69626111117108869
-0.35217353518116756
-0.71214506833755631
-0.01095556330039915
-0.18296730694442978
0.68991890623615038
0.96690728491640665
1.10692420946430570
0.49012521105548007
0.00000000000000000
0.21769681662267495
-1.51212603428383940
-0.22271495198765057
-0.94725701232187653
-0.23662314933495290
-0.83960257280961825
-0.97209065420890128
0.46187461853936884
-0.18766089450542625
0.38495829056887632
0.31168258106853208
0.14731257930232214
-0.76261674595095430
-0.58836952800388764
-1.28630516365567638
-0.08305721785482298
0.56888116543751599
0.20182107879477534
-0.22690364140492472
0.73581301204393579
1.57487548484274864
1.78161608304525299
0.42524963002228683
1.08387487461790699
0.67714910060477984
0.39773901950191870
-0.20086824979032694
0.32423328212994884
-0.59546889263211000
-0.62130984924928667
-1.97862886217776102
-0.85650291865660022
-0.58528249522848463
-0.18453508810242153
-0.31507949943979058
-0.42912999591257278
0.58408862901611314
0.45727022703536241
-0.89852606269303181
-1.47007356523116983
-1.09979244398984299
0.61985426980752523
-0.25543183272199604
-0.31792159951792859
0.35157264827813473
0.64620934521895579
-0.97477169977719313
-0.78677472997084197
1.04248504820343157
-0.19608301752850546
-0.69718792144107256
0.01303493020212265
-0.95559980057548399
0.03697386078725323
-0.02029567393965390
-0.40635137322111503
0.68138400192978577
0.04223559558678476
0.18145548556952229
0.75140702415801819
0.92116447793150669
-0.18953774666544931
-1.86231021875404612
1.34655082102682022
0.00000000000000000
0.06999279177785245
-0.43626576108226989
0.41267158977560170
0.14809086554917145
0.09800406909430845
-0.38754739400461741
-0.94627361271694288
-0.62261883520159855
0.55074155128318347
0.07636255261385420
-0.27769175888706038
-0.57330897497205002
-0.00093154184047648
-0.67620837277791157
0.39875270137926327
-0.60328552123572632
0.26487731972461304
0.41686044513034892
-0.42700813299592022
0.41708723698097189
-0.70656680777631242
0.75892025709635580
0.11310785613828170
1.04387315783916512
0.76309159437189789
1.15196472565207775
-0.09220228499726399
-0.31474172465881795
0.46682575419476025
-0.88883001279756280
-0.45711567623463861
-1.06476389846023189
-0.17036311854972042
-0.47135301040053573
-0.39729042860799529
-1.37529490043099356
0.18452519407183288
-0.60437115421314558
-0.62748684319169235
0.53901924361401121
-0.13716020750631461
0.33975385631053612
-0.01285235906394941
0.23769735833192987
0.74678616261423603
-0.48568287391702381
0.08319022732950684
-0.34764962670412664
0.61009992016911663
1.05624926174788181
-0.38642973175270229
-0.61522136654943449
-0.66799225992755329
-0.76970754882389913
0.14550323601796214
0.36452062309781086
0.37208873908770990
0.34363527694342999
-0.28221922837177160
0.13959643173014022
0.14735599203530772
-0.68616840018866787
-1.02842556994087730
-0.42735289142215849
0.00000000000000000
-0.17348210249561247
-0.12997725627196563
0.27570169889033136
1.01686225138206732
0.10574643473995443
0.66615391804924584
-0.40387013047300258
-0.43737570341151250
0.30596272832920124
-0.25756136533594393
1.55131270472918392
-0.57712678196820100
-0.10365416855563132
0.63353130681846637
0.16905557654243245
0.77510020398104074
0.37699790760879975
0.24853210531582545
-1.02366519385423871
-0.72787699498609526
-0.60498809340248527
0.30670935686755768
0.45558834055208824
-0.91342181251631027
-0.82571237598941449
-1.22334265692973743
0.27361956044567248
0.23827364496243134
-1.14022072167065058
0.83862705553990369
-0.88589862674394748
0.67448570220275295
0.91472396691715108
-0.48295042776939873
-1.37534585204209159
0.02020761287848038
0.66543533453398185
-0.13407294294932787
0.67051059239676181
-0.38447330529928825
0.80335226878175381
0.33653473825670849
-1.29162993932180536
0.85751826512869500
0.94057273411667108
0.20671915784129519
-1.54569285448347116
-0.40208165919286032
0.25727288520213321
0.57738491041478868
1.07596451847429742
2.00012505830770992
0.98450531943023434
-1.37079377176854522
0.16097632105883938
-0.78346053034193885
1.99331858285083152
-1.83536024169776035
-0.40529679973266330
-0.58478885736932784
0.97907530535097453
-0.73439727073927774
1.94100578663021262
0.12870780523789158
0.00000000000000000
-0.37250294024142522
-0.88570179047982156
0.74500296659438459
-0.36742385754248275
0.50213318188063938
0.09309519412993836
-0.06575498405060420
-0.40185998889547225
-0.67293253808133979
0.39185219586355313
-0.14601122624256513
0.68938730529178804
0.20904172897922171
-0.27639733569568131
-0.39750556966966777
-0.38959858765214972
-0.28000094032037764
0.06045878954566769
0.86589845320791048
0.63351613304145959
0.28007648779815503
-0.57745402573689231
0.91818829474134955
1.22360795004843381
-1.51059969617688949
0.56149706407431788
-0.79249037786472443
-0.07847433106177122
-1.02589553195338534
-1.34216425340453949
-0.52628682726776077
0.35617912409430952
-0.57891060163727792
0.57883917014102015
1.33714726529949557
-0.48737603131306695
-1.06009850272329298
-0.14688224605826566
-0.62080670155749840
0.46967157803228660
0.18564481178951989
-0.42663270458623331
0.48811815240345680
-0.90860532225551038
-0.76573520998771005
-0.47221305749700143
1.86710060555094959
0.60139729102626094
0.65975911730364478
1.91012766965738767
-1.77126255743176642
0.47526097818432278
0.22651936356116542
0.58196044749662013
1.44796528301270122
-1.17126367618181781
-0.61898565640183378
1.01642250650744681
-1.30870848934711592
0.91114869103814855
-0.43588105834253682
0.89564380327789272
-0.37801730543404521
0.29261440744353251
0.00000000000000000
0.12362655124157226
-0.72979739473345961
-0.23681836896236852
-0.61668617034807860
-0.01706432057122523
-1.39599782926192550
-0.16447096101674222
0.26037007407753887
0.33896664157664669
-0.46859579484444824
-0.28347315628835695
1.56230547025429489
0.67380341135200672
0.83261841231926426
-1.13687505739021311
-1.45104560943782235
0.40165013341717387
-0.59185193854758233
0.53302241709061193
-0.50686702553818641
-0.26542455925854752
-0.29532776969299501
0.42661399244701587
1.41505187915393527
1.42070609167176154
0.57724438729887850
0.52667426972741604
0.91030392241412139
-0.66772490258716988
0.21541250242229221
-0.01866073047346993
0.20189442858967305
-0.95338874063642121
-0.08458558256424296
-0.76581060304211124
0.06929668732829899
0.25659696947567423
0.73792225893401364
-0.57323544368115309
-0.65596332448666650
-0.36903448624521784
-0.82702812814249205
-0.11892946220403405
-0.69548219320059368
-0.74742829838140412
0.46532749349429364
0.71426776721393459
0.80626830764332869
1.25231268406623975
0.15007626525716625
-0.60546291020027276
-1.09861818567351532
0.02068643089773185
0.81271654655262648
0.60985281879488262
0.27023416840927694
-0.00457946049852680
-0.83578865200273622
0.54020279108319857
0.15438787400229992
-0.59685288267595071
0.50106694946021113
-0.57153136341669863
-1.02026773165048823
0.00000000000000000
0.40948291086681476
0.30683180571549412
-0.26815294323254091
0.36709214877283530
0.54321983381424099
0.29904363083967861
-1.17028520680805959
0.27226701057194186
-1.37188932969623711
-0.78004931852499981
1.27741867530969078
-0.56619082224017991
0.64192450091277786
1.35514594786913967
-0.42853473281292570
0.24751952398568763
1.69316300747547666
1.27800438466113375
0.39713855155590727
-0.27425465973745017
0.26554096725695747
-0.10429934321510220
-0.72250861151244972
-0.53421367319613378
-0.78787680121824721
0.86748573999739931
0.87721139409640325
-0.41773590531048532
-0.64353285511188518
-0.51983980949450515
0.35574294068836565
-0.82156149792149546
0.03700280776297565
-1.14750111105941643
-1.23835996931758974
0.45214259980469446
0.79921310065170004
1.52580985150522075
0.06538088484388432
-0.33552840511787718
-0.41946349217420081
0.06204531625279559
-0.79507288334737458
-0.90659737325602929
-0.08986528288366058
1.15600804340662644
0.37801998900284062
-0.44556130445393083
-0.42733958394102717
0.16808334748170747
0.52669204142374471
1.43700104072877655
-0.85708988201472891
-0.90448640447393824
0.65659408514734219
-0.56898622527072451
0.28261037210743756
0.75982533285624732
-0.54062425816931992
0.72211153093249902
0.67816141439031496
-0.17918061380430408
0.58188745591549185
0.42303372576398535
0.00000000000000000
-0.11470569914966483
-0.77630473900561214
0.21077946671696440
0.55777319723028129
-0.72066057955818452
-1.47625636810851080
-0.61889475657336690
0.62530816508332943
-0.96100678431029507
0.25903572208054110
0.85577501797965405
-0.55363867206594963
0.26042229394832672
-0.51256930858277416
0.37819610450805319
0.41553738456199568
-0.10997698078503960
1.34964392418952750
1.81474017245233354
0.64392353409352798
0.64859132592280533
0.18264856077400440
0.03628266296151240
0.39489149199146306
1.33403367876783241
-0.68355040710890469
-0.42712983539696653
-1.32491574666946255
0.86480020199733232
0.53288606918000203
0.06005753474095595
0.05504669691454594
-0.09397660963992412
0.27906315970977541
-0.32020336024948648
0.85927175386395627
-0.46153661775885502
0.63852672033673630
0.73214492361405781
0.02088602907099174
-0.59183585312204956
-0.90058177191377098
-1.27473427174789822
-0.39479720850534916
0.38440552638161823
0.30705011748134459
0.54958055232261960
-0.47502896563275748
0.54066020684512739
-0.62276429311797732
-0.05506168642651312
0.28336505071056256
0.48832755363669234
-0.75435091622550676
-0.09733060964706255
0.95444619368711792
0.57699733064632153
-1.34489348931478081
1.08862431817615812
0.69851474760674892
-1.18759360438201367
-0.59196539038756746
0.31952425360204317
0.53218865818186145
0.00000000000000000
-0.37008074396933310
0.64625652730138139
-0.32921307991249271
-0.21198228881441200
1.19549151197230352
-0.63031007755156065
0.97695083578904895
0.93587620658418769
-0.03007538151463921
0.07449819110922735
0.37006265513949854
-0.13787666975500187
-0.00690733725001510
0.83507119659909568
0.09241320049330126
-0.95311524512843226
0.35059674199445595
-0.69732389306311460
-0.85795728482632838
0.24679623033314790
-0.42169915787070317
-0.58235206729824629
-1.02742186108772593
0.75463920904654469
0.64340211961644922
-0.77635765519850986
0.67749679665625206
0.97736583240633157
-0.79903891339144528
-0.58331686846482378
-0.81267665405524225
-0.62339911675592430
-0.84546415973998690
-0.48185249686981491
0.65765133568327039
0.93146537578318322
0.50653728380577434
0.16915724998944109
1.24025915367495987
0.49612576675022974
0.08429629647588337
-1.37641997910193203
0.96383303985048208
1.01616383352646533
-0.62911720306433649
-0.70199137485903440
-0.98242807983445402
-0.15008517900339899
0.89621852247511247
0.30499626065625252
-0.00900809316631532
-0.61246476900575486
-0.59081957494789861
-0.54295748845289726
-0.48086880356810274
-0.18186496855749898
0.91828950347546157
-0.16416773442527435
0.63574541163485887
-0.54497532742561328
0.41565062559203259
0.33894376170155366
-0.35719225373707908
1.03813125044819698
0.00000000000000000
-0.29138422693549476
-1.41537741043577681
-1.06893143211361230
0.23973324364820095
1.37185233177290700
-1.26945938382409795
-0.35996995102417051
0.07679501654320313
-0.68596655051643018
-0.64471015631651474
0.73452240807814240
0.21310265942754866
0.08483391344198941
0.49168393200471339
0.26544022433014963
-0.57936504098851238
1.43438526719992598
0.66315156374649953
0.60913436282844435
2.44569257639822757
0.21869337260406294
0.51407839144376488
0.31901102198430553
-0.83510489541907851
0.42408001908122750
-0.81012120326236892
-0.21088207071105075
1.13789224743770956
-0.62651615213794554
0.57522765122155572
-0.22736950348747492
-0.37438607265271501
0.33589131336073746
0.45722259041643015
-0.14275938761988091
-0.37256351149767197
-0.87295252378465960
0.70489211920912986
0.74998024130904106
0.41565336460212632
0.02701411008898565
-0.66358733759169231
0.02066581069662986
0.86554116745986476
-0.83278429714367919
-0.70976600062472905
1.47312792361371292
-0.90717840348219458
-0.15854750531858999
-0.28771929104820382
0.40960130037321762
0.07904815739844560
-0.03798786591847576
1.16526336495234983
0.95976157977541587
1.08802963922131024
-1.48117723349574870
0.25512059342157289
0.77043055717462916
0.56409429715968140
-1.19350723423553307
-0.01398306169849199
0.53470762498148627
-0.56160811436358149
0.00000000000000000
-0.01108399126438457
-0.58968826397892338
-0.11810993880593824
0.37230271990405051
-0.41244006997217764
-0.96962486442694973
1.17572842609591910
0.05472002182663492
1.37137189033348617
-2.61788880677830393
-0.70811818603665166
-1.08917641808390830
0.74937536623985856
0.34706449300872871
-0.75372718753398971
-1.35535781798061272
2.17034996540053893
-0.67900978616317909
-1.19766492840247762
-0.16894198410201847
-0.54882322610266676
-0.04476640219292218
-0.30612121569905681
0.93902789778685125
-0.71652444407867866
-0.43997723724844290
0.75873555791140423
-0.22700261405191122
-0.63534236454827042
0.03999273689396587
1.55658643997888646
-0.37319759155058757
0.49602114289727450
0.27985033076354449
0.29692012470964629
-0.18544846131863452
0.45903152080334736
0.52605554811710997
-1.43867180906195169
-0.92425668253883808
0.05975163799470040
-1.51093652248898147
-0.72698740317402233
0.75319006002543576
0.26239810911692080
0.02605690234411455
2.08794587164535050
1.54636935467414860
-0.00197219418319796
-0.70493081740326768
0.87185376633710288
-1.38434629971948886
1.19777218603856905
-0.08196066896391176
0.64293456908248292
0.98345276856672181
-0.04297240704385454
0.50093900898318677
1.47418559790206860
-0.17842580210911516
-0.59549562438359316
0.69462274855434036
1.35356091634662312
-1.45998717013999468
0.00000000000000000
-0.46638629626664568
0.98903523032171425
-1.32216723738031772
-0.89903927224321012
-0.36400358679764161
-0.38941191419269627
0.65003815835682055
-0.30870936899226420
0.39348601245888293
0.60887241514590873
0.43430189518076923
0.60833581824644667
0.66506009416728151
0.59302571387822989
-0.74507008990089130
-0.48678855043900371
-1.42151713518080958
1.30534975901086403
-0.26152854133284120
-0.77682616189941422
-1.40989957043696501
-1.10172688092999627
1.19404325448317250
0.17079052264923358
-0.41946693418148723
0.02319432565117196
0.42912986157124583
-0.60164064801170136
1.62257017941808890
-1.34176347037818333
0.68080350649055943
0.40162791508974760
-1.09655452626625571
-0.02339818797101684
0.87472493236638960
1.15938355971212537
0.62435820198044456
0.69921601964107316
-0.31658109500870535
0.97572589857834824
0.15122532276902378
0.11878599473100855
-0.59424106230348483
-0.46754595752640488
0.69440926066366582
-0.46852861114986410
-1.11887196270581124
-1.34289864654571467
0.43799061458813049
-0.55467088452067825
-0.34946813288950085
-0.14213674894427622
-0.43882400402525595
0.47345048117720268
-1.25005831661990241
0.22369254243719336
0.38228378612028791
0.60732286677761149
0.62039265870147475
0.07914815804452671
0.26762260490183370
-0.38150992940712292
-0.34365741885076789
0.50250952450688846
0.00000000000000000
0.88720674933446264
0.54681926026833505
-0.34680717942976813
0.44673384495210544
1.15407846209475462
0.88833498459373261
-0.84864041392300904
0.85990429545933722
-0.01110617243157061
0.52675200309104853
-0.00637122582126455
0.86292366008600951
-0.09254018417114922
0.85220909751047080
0.42581710320942678
-0.10586383536395184
0.18852443283015938
0.42634540154862960
-1.31564734627240965
-0.00766599309489199
-1.20140167924829333
-0.46747956964319010
1.02007836443034750
0.76504300064974340
0.84662409275895423
0.02568108914405922
0.13796817962349925
0.04910492847590114
-0.04981282173974474
0.58298323004718278
0.19871774414974588
-0.56137383822847886
-0.49804163683917985
0.38729741231717546
0.31789199147075475
-0.75486118445574868
0.20631422972987210
-0.47177830131907295
0.61439024339749349
-0.26518874407655069
-0.45861244886944769
1.03274030246943349
-0.80940470467145065
0.49306402481111589
0.95358453628191975
1.14992311836870531
1.43140232895037944
-0.97456861347688972
0.00566902420477761
-0.69052927428965272
0.51860570161359432
0.01220619244129202
1.05336405257880927
-0.19904941904734400
-1.16882772689406456
0.45956381457754486
-0.44549285579138348
0.12384202470714596
2.41242913139383486
0.43908223286543835
-0.86682370890531202
0.19261991966901984
-1.46883367920139585
0.03389007723178099
0.00000000000000000
1.80370282995470754
0.76108808261422278
-0.82837230717530552
0.70151117302366994
-1.05474398555137427
-0.01230964174482101
-0.24156181325336398
0.22830759258137426
1.09733966723813614
0.03880241434424780
-0.94025016821224638
-0.47700656569594502
0.56206492691702648
0.65632531612103007
-0.69642015656291323
-0.03595930104371239
-0.18823828137172302
-0.68361493928696393
-0.81445548820154323
0.06771655684826544
0.70538235731104759
-0.82332981112236503
0.76404383902950668
0.61021383663212092
-1.34181993846902903
-0.15877420508648984
-1.15922608570300967
0.52353450140072566
1.04032740605208240
-1.08871246149535583
-0.75958919806886249
0.73816354122989625
-0.91190704940265743
-0.00728134797381686
-0.75589463006772595
-0.94888285693326313
-1.16145867342658238
-0.04927613051813812
0.02722934210705390
0.94303005767735093
-0.31343621212440892
0.65046785641752325
-0.70811844208148644
0.12359481399050137
0.13742770347683850
0.37275042924145502
-1.53110664876334379
0.09695494476258044
0.07020495211890415
-0.26296462081980942
-0.34696915840272602
0.85528981832430706
-1.95004619270107371
0.54369240709075051
1.07287470695070897
-0.47983310611655777
-0.47071389017354170
0.81646163885759349
0.19101092660305238
0.87573046276740607
-0.30347755011080857
-0.02128475301128346
1.80772274858209947
0.21131924905401209
0.00000000000000000
1.17598965289363866
-1.18224164510253349
-0.62534484854692618
0.59790407825050329
0.58436026424996834
-0.38531683507292769
0.65368170034299589
-0.46643538602033474
-0.25033453428603147
-0.27426167069987634
0.36673929702725200
-0.64344474192270795
-1.00205564935358216
-2.14024649850540039
0.04232350523426271
0.60511984916522865
-0.16368398134562817
0.49394523073170515
0.20220833363486912
0.85008146694977171
-1.22806672736928579
0.91482534276285976
1.05544155899062297
-0.53002268006674291
-0.78881954751931482
-0.43707475556773256
-0.64556963929955813
0.82151888522843430
-1.16190406695527826
1.72468827800265467
-1.12524417131433796
-1.35031547294582288
0.04496854893592933
-0.52564393193191328
0.11588917060014015
0.47880508699736085
-1.18507257433015489
-0.44555908769591274
0.45366559397105394
0.34898920608012396
0.65744855313826045
-0.97565975192396737
-0.72158374620742949
0.25335578126840369
0.16831738681802016
0.14888524140633344
-0.02410131143044253
0.12613576639691135
0.49060224789634110
0.02883787226487899
0.52560414326985738
0.82917005571583402
1.01071229374786231
0.85750593747571802
-0.63750835552481500
-1.04671529077349179
0.43946431750587123
-1.07457326822243671
-1.32890270390427911
0.27470553268190667
-0.60764831934047847
-0.44134141416066769
0.98380838228566403
1.09685429832603321
0.00000000000000000
-0.29047696006342849
-0.08297595129444273
-0.73055949425294897
0.64570294309461962
-0.22547962195908680
1.60094353543376933
-0.45457954350305946
-0.19791642471480361
0.42281232291031379
-0.70817788767123380
-0.18652237121281739
-1.22672161466481811
-0.15947143289869051
1.12838442265076377
-1.33980184908611921
0.82368685042044876
-0.19899805078200219
-1.09709984994644727
0.54045505905888391
-0.37364965100146430
-2.10462591050792236
-0.72637716409169151
-0.81656844740260603
-0.52981028752008008
-0.58887142318760366
1.08341585653032757
1.36841297967205056
-0.06515675706439410
-1.21423100991021538
-1.86302792778159954
-0.56237496523578367
-0.10312340965598531
0.08990667991846341
0.24798658368152907
0.39458646604645442
0.95548352218674260
-0.44997369639873158
-1.69308738664473113
1.47185273612425771
0.80702430640648837
0.01262637157468931
-0.29472958011095551
-1.05203092588704195
0.15773261425561647
0.03657388102863690
-0.10511143761223395
-0.36870307682328796
0.60552499930473291
-0.34067718042863965
1.27764275623233270
-0.73548461913017515
1.37319806388654286
0.81152926408818382
0.34222014632337616
0.02834151062934013
-1.45862650953956496
0.67084356233368225
-0.70230369179419816
-1.07803346213947604
1.04079150883738025
1.21252820696387187
0.83481649146142367
0.16076475972777840
-0.31520325859349518
0.00000000000000000
-0.12658167239994481
-1.25912684120225471
-0.63636941441533545
-1.32552439279460699
-0.98215375789829640
-0.94723037958748568
-1.17417391586028730
0.00000000000000000
-0.61164397498738821
-1.69028653648239002
0.44199943143325005
1.16268326956960011
-0.04139619584496806
-2.04886090915029362
-0.57296972354707143
0.00000000000000000
0.54369884001618118
-0.54281018834415207
-0.57668820467079118
0.07858156170964865
0.93137638949509738
0.49488238796049006
0.24020556036790786
0.00000000000000000
-0.74841071681750426
-0.40841429368906840
-0.41401042571791713
0.19011603061586815
-0.69739548216633851
1.40380968413071794
-0.44089322968263456
0.00000000000000000
-0.13180140412559471
0.12064828718513389
0.53177816075058726
-0.36027188334898069
-0.87590477785803666
-0.06362119765938076
0.02187767636479022
0.00000000000000000
-0.08694306515867456
-0.41710368115188678
1.06587642440588182
-0.55797178849085882
-0.36200363134728986
-0.12628604145788980
-0.08087178975402218
0.00000000000000000
0.40126868305063745
0.68091352246087422
-0.96395639506034392
-0.26711344615285454
0.50070569479774107
0.35578392802887981
-0.65864311968183564
0.00000000000000000
0.23319397647898496
-0.21326995497695031
0.37832475475488797
-1.02673510913303012
0.70906255288011344
0.34917394874519481
-0.75378963206237637
0.00000000000000000
-1.51733646545911416
1.11290107288842699
1.69158138726935570
0.96186051679248052
1.67997698479431801
1.00341278254904309
1.27312838730298172
0.00000000000000000
-0.13723513057332534
-0.02387190418070917
-0.04126776392023878
-0.51365760672663785
0.71431252470890438
-0.16683966076315426
-0.42081782109928462
0.00000000000000000
-0.90863170132386484
-1.28932742236351094
1.59442775740876397
0.36177297313102069
-0.96007229507557779
-0.30680558270815389
0.38088974912233120
0.00000000000000000
0.96243737859658007
-0.15287228537286265
-1.30252510153965462
-0.36565940894072940
-0.24619194686039764
-0.28428975493753567
-0.25559656170093287
0.00000000000000000
0.17602976346861363
-0.04693712108487895
-0.81440468944230149
-0.56540226337701793
1.05425688859143762
-0.16250200846471413
-0.23765665726326199
0.00000000000000000
0.53445814596542951
0.56553411223417727
0.05218301145537203
0.52788439385781438
-0.58776877545142037
0.16192626819174075
1.38893116509015879
0.00000000000000000
-0.50909894045779058
0.10364638408974790
0.38217963757808132
0.69708739361991356
-0.95124191792442869
0.21655933390375734
0.09102210506084768
0.00000000000000000
0.20477709825068366
-1.08146390440804918
0.73275357521596174
-0.92591062330342011
0.87585450837000844
-0.74707291060633518
-0.66179561584427671
0.00000000000000000
0.41519921877905985
0.90783291063167659
0.58514955361123044
0.15387004800093729
-0.27925339643745545
-0.81633320006175014
-0.44450009173552835
0.00000000000000000
0.36577495125954795
0.59289958052226088
-1.07990016337706618
-0.40371079824827144
-0.29922066668779196
-0.29027734384391912
0.03790541256536474
0.00000000000000000
0.06920898438496842
0.32058582406145930
0.40419471368759119
-0.49798306661182723
-0.81065598992088961
-0.45497203304239076
0.33010847813948324
0.00000000000000000
0.96295596435256237
-0.98384265810782101
-0.79444759070201099
0.87249232167257107
-0.65074241296100288
-1.81372794874776599
0.92045412532773974
0.00000000000000000
-0.26670771114752800
0.66154795933158295
-0.48393044741816904
0.33900361669330886
-0.49467857631711148
-0.68650414703937246
0.34705830645385699
0.00000000000000000
-0.00421914708033063
-0.68844050559600134
1.00084786560249861
0.36167933709606565
-1.10088469841401326
0.17056775064547572
-0.11801254691831035
0.00000000000000000
0.11330252986758901
0.19787718155477482
0.19160420338888878
-0.26615950188546955
-0.80009394278093138
0.57348264505118296
0.35062795414615372
0.00000000000000000
-0.42135777599170054
-0.46999465644835992
1.47998558686471227
-0.80845493689481063
0.06248152510207333
-0.95038054062663524
1.38560950261319960
0.00000000000000000
0.76351680421544355
-0.41775568890656128
1.14032033598586602
-0.05477692776732845
-0.06400682290445360
0.25342566985243620
0.52121535308544220
0.00000000000000000
0.57124350736041118
-0.47780878704946422
0.73548816034084108
-0.96462132622974295
-0.15324410017219625
-0.13347562405428298
0.75483522155280558
0.00000000000000000
-0.37411320786868241
-1.32926960373475245
-0.25643048880395009
-0.94283230727345468
-0.24452153635506352
0.12591592427430298
0.45191434532807495
0.00000000000000000
0.47285335417928048
-0.05850950474597671
0.12926082311678508
-0.70442342397982771
0.28086574155549249
0.35478749500506013
-0.68135226326867382
0.00000000000000000
0.03300247485952273
0.10469202807296038
-0.59504285255462197
-0.25468393198237566
-1.20466946995272539
0.67925159348100994
0.16244905426412706
0.00000000000000000
0.53466718998380713
-0.87486400762806338
0.04529230011187217
0.61635059143414583
0.01773370754452555
0.54436136493854370
-0.27147642342207340
0.00000000000000000
-0.08466105629464438
-0.15237360576594317
0.34013582357800304
-0.72053862294812054
0.89931728810319034
0.00343777539041252
0.02095658661738150
0.00000000000000000
0.19110768994126026
-0.11989282041953427
-0.44469113936813798
-0.14745736050899186
0.36719705179389367
-0.04337152110649517
0.24026602690894347
0.00000000000000000
-0.54342727351377751
-0.13499151696114267
0.43460487265028375
-0.08250951713129498
0.05530562237923549
0.11304275935011056
-0.87322965110492190
0.00000000000000000
-0.31905384317583191
1.00637725131186695
0.28798282328390862
1.04844921955892989
0.02042175579661349
-0.56846745783930575
0.22886724020600485
0.00000000000000000
-0.37599646210944088
-0.43272477285796257
0.29852792294322017
0.00668816070633893
0.90726444430417241
0.38570388785086995
0.62367908631104818
0.00000000000000000
-0.51767896535687019
0.38654632616919188
-0.55081820750414345
-0.27998562832664248
0.89398785179173179
0.03438263224645086
0.07791242795568278
0.00000000000000000
0.84682097315657567
1.08685334232846831
-0.00710909090775975
-0.45927304594460927
-0.25706847089737250
-0.45627304924832884
1.28182970809853258
0.00000000000000000
0.04913303460893318
0.65391137287519618
1.63871272840304449
-1.81374531831295571
-2.15427772713349075
0.28640845719746871
-0.30859718500784966
0.00000000000000000
0.84719589803186268
-0.30261692272395246
-0.48389328579311058
-0.76345141128423655
-0.52384396399307576
0.14500370008792660
0.89767981280557629
0.00000000000000000
-0.37272830554380587
0.60218172118958935
1.74877294288068463
0.65227692179821983
-1.65014576258729639
0.19520411913395636
0.64351728192495616
0.00000000000000000
0.07216270085848901
0.27938708515672661
-0.16447279423152494
0.05716638187967575
0.92677854674477533
-0.36150115005248196
-0.25412715457323681
0.00000000000000000
0.70316697616674306
0.70098184694848564
0.81964092528842580
1.41832051555276184
2.10765198884922400
0.67556220104547526
0.43583927931617650
0.00000000000000000
0.55233152341672709
0.22972456621153289
-2.73486706972861082
0.38882319611468791
-0.47180383340877896
0.45937023074714861
0.11153614129346000
0.00000000000000000
-0.38762478106641612
-1.49723084851180976
0.22584609302582487
0.61744725312805493
0.35855635878076320
0.01038827593619534
-0.38711373808547794
0.00000000000000000
0.09110975178249463
1.04844872617189311
1.81395589988530137
1.54408991519129257
1.38549600888634239
1.22955221455490116
1.00731401305853319
0.00000000000000000
-0.36215329523333234
0.51054567400909245
-0.24959864075131311
0.13523288565313465
-0.65840534002054618
-0.55566259005234286
-0.66401231913776926
0.00000000000000000
0.20491905392017018
-0.80440220461974643
-0.98801631973417192
-0.58741648456208528
-1.51089577762462746
-1.10290373268045938
-0.33056756582347502
0.00000000000000000
-0.67705037205487340
0.09148282085063678
0.19590739336172730
-0.74286879851611698
0.93112883859734408
-0.98634562435203366
0.37536020089272543
0.00000000000000000
-0.11842093333078314
-0.07351217534799526
-0.67884589916891436
-0.38576615650330837
1.04251372561273858
0.20126049764483026
-0.25283342510447315
0.00000000000000000
-0.18455350252110511
-0.04329547742192293
0.17487114751257121
-1.18816966258791901
-0.61392247406217459
0.07300678315280784
0.20275117582535979
0.00000000000000000
0.37719753544088053
0.43050141980390627
0.08563337530614482
1.17002588436312749
0.77608898335549015
-0.57252210627932509
0.24752800870552866
0.00000000000000000
-0.05765525357052987
0.45377233664067845
0.18792734853488102
-0.39648663851585991
1.13037938496117629
-0.76832947450520417
-0.00960083919495590
0.00000000000000000
0.34288005726609516
0.53254129882075874
-1.08509067366298151
-0.21963181498063128
0.13842388906841846
-0.51183478308927366
-0.45462550383511019
0.00000000000000000
0.47029108926768942
0.17185916270319929
-0.75945682718000718
-0.63418223863735035
0.77067462703927636
-0.45491519814126674
-0.20385263411460813
0.00000000000000000
-0.15961271070460661
0.24249016782437716
0.47573597426849351
-1.03063821947315915
0.15869103976310950
0.00339306149116215
0.11305822764412671
0.00000000000000000
-0.05602364181389329
0.24258955585727102
-0.64821694951157038
0.24079823297098921
-0.27705638110144271
-0.22949183649289953
0.49539420166050702
0.00000000000000000
-0.56035373123289112
-0.49125661869337134
-0.31601261080783732
1.13994191766935526
-0.15461347434370837
-0.18488530276867965
0.36677443733557824
0.00000000000000000
0.69116265221927919
-0.25907849901730751
0.01919117653657245
0.32453194575496247
-0.00156890717136441
-0.11906189951138589
-0.82875174021756004
0.00000000000000000
-0.52572414182484661
0.34941048331843733
-0.53013409045772131
0.34663734601158741
-0.18757768173775005
1.22423525651789045
0.39682949152274399
0.00000000000000000
-0.03393273837614630
-0.21875337553238361
-0.88342308509500422
-0.10122314569323043
0.69096575306476782
0.24789871085777160
0.22017230330397691
0.00000000000000000
-1.46147778893194147
0.09784816261503024
0.19964101087706002
-0.73799386901295605
0.35492669850005837
0.07163399133428211
-0.05837176219006935
0.00000000000000000
-0.59487412602785295
0.73095786863435608
-0.07958750622212082
0.13903797104836715
0.06081136675262652
0.70711200044203404
-0.23221485382206669
0.00000000000000000
-0.33154514233201876
-0.05361778706484997
0.44674224398838147
-0.70076561348830124
0.92765362513026006
-0.06672467665656737
0.24436894782234503
0.00000000000000000
0.56300669372385836
-1.04838789278824662
-0.81930836224390546
0.72121744702723767
0.65118406310306043
-1.30784858906418266
0.18280475823272990
0.00000000000000000
0.06263802802888775
-0.45857768533043908
-0.64821741402092181
0.78672483989238751
0.06298670806669510
0.73499383583217626
-0.25306075710058346
